Order ID,Order Date,Product,Store,Units Sold,SP ID
19727,12-Dec-18,R1012,17,40,SP1815
19728,12-Dec-18,R1012,17,9,SP1815
19729,15-Dec-18,R1015,17,35,SP1841
19730,15-Dec-18,R1015,16,10,SP1841
19731,15-Dec-18,R1015,18,15,SP1841
19735,16-Dec-18,R1008,13,25,SP1841
19736,16-Dec-18,R1008,13,40,SP1841
19737,16-Dec-18,R1008,14,40,SP1841
19738,17-Dec-18,R1015,15,42,SP3463
19739,17-Dec-18,R1015,13,20,SP3463
19740,17-Dec-18,R1015,14,40,SP3463
19741,18-Dec-18,R1003,17,21,SP3992
19742,18-Dec-18,R1003,14,21,SP3992
19743,18-Dec-18,R1003,15,15,SP3992
19744,18-Dec-18,R1003,15,20,SP1229
19745,18-Dec-18,R1003,13,30,SP1229
19746,18-Dec-18,R1003,14,35,SP1229
19747,18-Dec-18,R1003,16,25,SP1229
19748,22-Dec-18,R1015,14,15,SP3463
19749,22-Dec-18,R1015,18,12,SP3463
19750,23-Dec-18,R1016,14,25,SP1841
19751,23-Dec-18,R1016,15,6,SP1841
19752,23-Dec-18,R1016,18,15,SP1841
19753,24-Dec-18,R1011,18,65,SP3156
19754,24-Dec-18,R1011,15,50,SP3156
19755,24-Dec-18,R1011,13,6,SP3156
19756,25-Dec-18,R1002,14,10,SP1841
19757,25-Dec-18,R1002,16,1,SP1841
19758,26-Dec-18,R1012,15,21,SP1841
19759,26-Dec-18,R1012,17,50,SP1841
19760,26-Dec-18,R1012,14,15,SP1841
19761,26-Dec-18,R1012,16,16,SP1841
19762,26-Dec-18,R1015,15,20,SP1841
19763,26-Dec-18,R1015,14,20,SP1841
19764,29-Dec-18,R1010,18,12,SP3740
19765,29-Dec-18,R1010,17,15,SP3740
19766,29-Dec-18,R1010,17,2,SP3740
19767,30-Dec-18,R1011,14,60,SP1229
19768,30-Dec-18,R1011,16,60,SP1229
19769,30-Dec-18,R1011,15,28,SP1229
19770,30-Dec-18,R1011,17,36,SP1229
19771,31-Dec-18,R1006,15,35,SP1815
19772,31-Dec-18,R1006,16,25,SP1815
19775,2-Jan-18,R1014,13,12,SP3463
19776,5-Jan-18,R1012,15,15,SP1841
19777,5-Jan-18,R1012,16,50,SP1841
19778,5-Jan-18,R1012,13,70,SP1841
19779,6-Jan-18,R1016,13,4,SP3740
19780,6-Jan-18,R1016,14,10,SP3740
19781,7-Jan-18,R1010,13,20,SP3992
19782,7-Jan-18,R1010,13,60,SP3992
19783,8-Jan-18,R1014,16,30,SP3156
19784,8-Jan-18,R1014,15,25,SP3156
19785,8-Jan-18,R1010,13,24,SP1815
19786,9-Jan-18,R1010,13,40,SP1815
19787,9-Jan-18,R1010,14,6,SP1815
19788,9-Jan-18,R1010,13,24,SP1815
19789,12-Jan-18,R1012,16,60,SP3463
19790,12-Jan-18,R1012,13,20,SP3463
19791,12-Jan-18,R1012,13,15,SP3463
19792,12-Jan-18,R1012,16,24,SP3463
19793,12-Jan-18,R1012,15,33,SP3463
19796,14-Jan-18,R1020,15,12,SP3156
19797,14-Jan-18,R1020,13,6,SP3156
19798,15-Jan-18,R1002,16,15,SP3740
19799,15-Jan-18,R1002,16,10,SP3740
19800,16-Jan-18,R1012,17,20,SP2092
19801,16-Jan-18,R1012,14,12,SP2092
19802,18-Jan-18,R1006,13,15,SP3740
19803,18-Jan-18,R1006,16,25,SP3740
19804,18-Jan-18,R1006,18,16,SP3740
19805,18-Jan-18,R1006,18,8,SP3740
19806,20-Jan-18,R1012,14,15,SP3740
19807,21-Jan-18,R1006,14,20,SP2092
19808,21-Jan-18,R1006,15,30,SP2092
19809,21-Jan-18,R1006,15,12,SP2092
19810,21-Jan-18,R1018,15,6,SP1841
19811,21-Jan-18,R1018,15,4,SP1841
19812,21-Jan-18,R1018,14,1,SP1841
19813,22-Jan-18,R1018,17,2,SP1841
19814,22-Jan-18,R1018,16,6,SP1841
19815,23-Jan-18,R1016,14,18,SP3463
19816,23-Jan-18,R1016,13,35,SP3463
19817,23-Jan-18,R1016,18,20,SP3463
19818,23-Jan-18,R1016,13,3,SP3463
19819,26-Jan-18,R1012,15,5,SP1841
19820,26-Jan-18,R1012,18,21,SP1841
19821,26-Jan-18,R1012,13,20,SP1841
19822,26-Jan-18,R1012,14,15,SP1841
19823,27-Jan-18,R1012,15,45,SP3156
19824,27-Jan-18,R1012,16,40,SP3156
19825,27-Jan-18,R1012,14,36,SP3156
19826,28-Jan-18,R1012,14,40,SP3740
19827,28-Jan-18,R1012,15,100,SP3740
19828,29-Jan-18,R1015,16,15,SP3740
19829,29-Jan-18,R1015,14,40,SP3740
19830,29-Jan-18,R1015,15,20,SP3740
19831,30-Jan-18,R1020,14,3,SP1841
19832,30-Jan-18,R1020,14,10,SP1841
19833,2-Feb-18,R1007,18,30,SP1571
19834,2-Feb-18,R1007,17,9,SP1571
19835,3-Feb-18,R1015,18,10,SP3740
19836,3-Feb-18,R1015,14,15,SP3740
19837,3-Feb-18,R1015,14,15,SP3740
19838,3-Feb-18,R1015,18,20,SP3740
19839,3-Feb-18,R1015,18,24,SP1815
19840,3-Feb-18,R1015,16,20,SP1815
19841,3-Feb-18,R1015,17,2,SP1815
19842,4-Feb-18,R1015,14,20,SP3156
19843,5-Feb-18,R1002,16,12,SP3156
19844,5-Feb-18,R1002,15,6,SP3156
19845,5-Feb-18,R1002,15,10,SP3156
19846,5-Feb-18,R1002,18,5,SP3156
19847,6-Feb-18,R1010,13,21,SP1841
19848,6-Feb-18,R1010,15,6,SP1841
19849,6-Feb-18,R1010,15,18,SP1841
19850,6-Feb-18,R1010,15,15,SP1841
19851,6-Feb-18,R1010,14,15,SP1841
19853,10-Feb-18,R1016,13,15,SP1815
19854,10-Feb-18,R1016,13,12,SP1815
19855,10-Feb-18,R1016,14,30,SP1815
19858,12-Feb-18,R1009,15,40,SP1815
19859,12-Feb-18,R1009,16,40,SP1815
19860,12-Feb-18,R1009,14,15,SP1815
19861,12-Feb-18,R1009,13,30,SP1815
19862,13-Feb-18,R1015,15,20,SP1841
19863,13-Feb-18,R1015,14,15,SP1841
19864,16-Feb-18,R1020,14,20,SP2092
19865,16-Feb-18,R1020,18,30,SP2092
19866,16-Feb-18,R1012,17,20,SP3740
19867,16-Feb-18,R1012,16,10,SP3740
19868,17-Feb-18,R1008,15,12,SP1841
19869,17-Feb-18,R1008,17,28,SP1841
19870,17-Feb-18,R1008,14,40,SP1841
19871,18-Feb-18,R1018,18,30,SP1571
19872,18-Feb-18,R1018,16,40,SP1571
19873,18-Feb-18,R1018,14,15,SP1571
19874,18-Feb-18,R1002,14,30,SP3156
19875,18-Feb-18,R1002,13,10,SP3156
19876,18-Feb-18,R1002,13,2,SP3156
19877,20-Feb-18,R1010,15,30,SP3740
19878,20-Feb-18,R1010,14,25,SP3740
19879,20-Feb-18,R1010,16,25,SP3740
19880,23-Feb-18,R1018,16,10,SP3156
19881,23-Feb-18,R1018,14,10,SP3156
19882,23-Feb-18,R1018,14,5,SP3156
19883,24-Feb-18,R1010,14,10,SP2092
19884,24-Feb-18,R1010,14,3,SP2092
19885,25-Feb-18,R1002,15,5,SP1571
19886,25-Feb-18,R1002,13,1,SP1571
19887,26-Feb-18,R1009,17,2,SP3463
19888,26-Feb-18,R1009,15,20,SP3463
19889,26-Feb-18,R1009,18,30,SP3463
19890,26-Feb-18,R1009,18,20,SP3463
19891,26-Feb-18,R1009,13,3,SP3463
19892,27-Feb-18,R1010,14,10,SP3740
19893,27-Feb-18,R1010,14,5,SP3740
19896,1-Mar-18,R1012,15,10,SP2092
19897,1-Mar-18,R1012,17,4,SP2092
19898,1-Mar-18,R1012,15,24,SP2092
19899,1-Mar-18,R1012,14,20,SP2092
19900,2-Mar-18,R1012,16,12,SP2092
19901,3-Mar-18,R1010,14,25,SP3156
19902,3-Mar-18,R1010,16,30,SP3156
19903,3-Mar-18,R1010,13,40,SP3156
19904,4-Mar-18,R1007,15,30,SP1841
19905,4-Mar-18,R1007,15,14,SP1841
19906,5-Mar-18,R1010,14,70,SP3156
19907,5-Mar-18,R1010,16,10,SP3156
19908,8-Mar-18,R1010,15,20,SP1815
19909,9-Mar-18,R1007,16,20,SP3740
19910,9-Mar-18,R1007,15,6,SP3740
19911,10-Mar-18,R1002,14,8,SP1571
19912,10-Mar-18,R1002,17,14,SP1571
19913,10-Mar-18,R1002,15,30,SP1571
19914,11-Mar-18,R1014,13,30,SP3992
19915,11-Mar-18,R1007,15,10,SP3463
19916,12-Mar-18,R1002,17,20,SP1571
19917,15-Mar-18,R1012,14,4,SP1841
19918,15-Mar-18,R1012,18,5,SP1841
19919,15-Mar-18,R1012,15,4,SP1841
19920,16-Mar-18,R1010,16,30,SP1229
19921,16-Mar-18,R1010,18,80,SP1229
19922,16-Mar-18,R1010,13,40,SP1229
19923,16-Mar-18,R1010,14,21,SP1229
19924,16-Mar-18,R1010,15,70,SP1229
19925,17-Mar-18,R1012,17,9,SP3156
19926,17-Mar-18,R1012,18,6,SP3156
19927,17-Mar-18,R1012,13,40,SP3156
19928,17-Mar-18,R1012,13,4,SP3156
19929,17-Mar-18,R1012,16,12,SP3156
19930,18-Mar-18,R1018,17,16,SP1841
19931,18-Mar-18,R1018,18,24,SP1841
19932,18-Mar-18,R1018,15,50,SP1841
19933,18-Mar-18,R1006,13,50,SP2092
19934,18-Mar-18,R1006,15,25,SP2092
19935,18-Mar-18,R1006,16,35,SP2092
19936,18-Mar-18,R1006,16,30,SP2092
19937,22-Mar-18,R1019,13,9,SP1841
19938,22-Mar-18,R1019,18,40,SP1841
19939,22-Mar-18,R1019,14,10,SP1841
19940,23-Mar-18,R1010,17,12,SP1841
19941,23-Mar-18,R1010,15,20,SP1841
19942,23-Mar-18,R1010,16,8,SP1841
19943,23-Mar-18,R1010,14,10,SP1841
19944,24-Mar-18,R1016,14,50,SP3463
19945,24-Mar-18,R1016,13,25,SP3463
19947,25-Mar-18,R1017,14,16,SP3463
19948,25-Mar-18,R1017,17,10,SP3463
19949,25-Mar-18,R1017,16,40,SP3463
19950,26-Mar-18,R1014,13,40,SP3992
19951,26-Mar-18,R1014,17,10,SP3992
19952,26-Mar-18,R1014,14,10,SP3992
19955,30-Mar-18,R1009,13,6,SP1571
19956,30-Mar-18,R1009,13,25,SP1571
19957,30-Mar-18,R1009,15,7,SP1571
19958,30-Mar-18,R1009,17,48,SP1571
19959,31-Mar-18,R1019,18,18,SP1571
19960,1-Apr-18,R1012,17,40,SP1841
19961,1-Apr-18,R1012,14,24,SP1841
19962,1-Apr-18,R1012,16,20,SP1841
19963,1-Apr-18,R1012,16,28,SP1841
19964,1-Apr-18,R1012,13,25,SP1841
19965,2-Apr-18,R1010,16,15,SP1841
19966,2-Apr-18,R1010,14,20,SP1841
19967,5-Apr-18,R1017,14,70,SP2092
19968,5-Apr-18,R1017,14,28,SP2092
19969,5-Apr-18,R1017,18,10,SP2092
19973,6-Apr-18,R1005,13,9,SP1571
19974,6-Apr-18,R1005,13,8,SP1571
19975,7-Apr-18,R1012,14,40,SP1841
19976,7-Apr-18,R1012,15,24,SP1841
19977,7-Apr-18,R1012,16,40,SP1841
19978,7-Apr-18,R1012,13,56,SP1841
19979,8-Apr-18,R1012,15,15,SP1841
19980,8-Apr-18,R1012,14,4,SP1841
19981,8-Apr-18,R1012,17,50,SP1841
19982,9-Apr-18,R1010,18,35,SP1841
19983,9-Apr-18,R1010,18,70,SP1841
19984,12-Apr-18,R1012,18,70,SP2092
19985,12-Apr-18,R1012,14,80,SP2092
19986,12-Apr-18,R1012,17,9,SP2092
19987,13-Apr-18,R1010,14,36,SP3463
19988,13-Apr-18,R1010,17,20,SP3463
19989,14-Apr-18,R1015,14,10,SP1841
19990,14-Apr-18,R1015,15,6,SP1841
19991,14-Apr-18,R1015,16,4,SP1841
19992,14-Apr-18,R1015,15,50,SP1841
19993,15-Apr-18,R1012,15,15,SP1841
19994,15-Apr-18,R1012,17,25,SP1841
19995,16-Apr-18,R1010,14,24,SP1571
19998,18-Apr-18,R1011,15,20,SP3156
19999,18-Apr-18,R1011,18,77,SP3156
20000,18-Apr-18,R1011,18,10,SP3156
20001,18-Apr-18,R1011,16,13,SP3156
20002,20-Apr-18,R1019,14,20,SP3463
20003,20-Apr-18,R1019,15,10,SP3463
20004,21-Apr-18,R1011,15,50,SP1571
20005,21-Apr-18,R1011,13,12,SP1571
20006,22-Apr-18,R1002,14,4,SP3740
20007,22-Apr-18,R1002,15,12,SP3740
20008,23-Apr-18,R1007,15,25,SP1815
20009,23-Apr-18,R1007,17,25,SP1815
20010,26-Apr-18,R1012,13,30,SP1815
20011,26-Apr-18,R1012,13,20,SP1815
20012,26-Apr-18,R1012,14,12,SP1815
20013,27-Apr-18,R1016,13,8,SP3156
20014,27-Apr-18,R1016,14,16,SP3156
20015,27-Apr-18,R1016,16,30,SP3156
20019,29-Apr-18,R1007,14,56,SP3992
20020,29-Apr-18,R1007,13,80,SP3992
20021,29-Apr-18,R1007,13,70,SP3992
20027,30-Apr-18,R1012,13,55,SP3156
20028,30-Apr-18,R1012,15,54,SP3156
20032,4-May-18,R1012,13,20,SP1841
20033,4-May-18,R1012,15,12,SP1841
20034,4-May-18,R1012,15,12,SP1841
20035,4-May-18,R1007,13,30,SP3156
20036,4-May-18,R1007,13,5,SP3156
20037,5-May-18,R1002,13,24,SP3463
20038,6-May-18,R1018,18,5,SP3740
20039,6-May-18,R1018,18,5,SP3740
20040,6-May-18,R1005,18,7,SP1571
20041,6-May-18,R1005,18,15,SP1571
20042,6-May-18,R1005,15,36,SP1571
20043,6-May-18,R1005,14,18,SP1571
20044,7-May-18,R1011,17,35,SP2092
20045,7-May-18,R1011,17,13,SP2092
20046,7-May-18,R1011,17,25,SP2092
20047,7-May-18,R1011,14,5,SP2092
20048,10-May-18,R1010,17,18,SP3740
20049,10-May-18,R1010,14,20,SP3740
20050,11-May-18,R1003,17,20,SP1815
20051,11-May-18,R1003,15,15,SP1815
20052,11-May-18,R1003,17,30,SP1815
20054,12-May-18,R1015,15,40,SP3992
20055,12-May-18,R1015,13,42,SP3992
20056,12-May-18,R1015,13,70,SP3992
20057,12-May-18,R1015,14,12,SP3992
20058,13-May-18,R1009,13,50,SP1841
20059,13-May-18,R1009,16,80,SP1841
20060,13-May-18,R1001,16,15,SP3156
20061,13-May-18,R1001,13,30,SP3156
20062,14-May-18,R1010,14,10,SP3463
20063,14-May-18,R1010,17,15,SP3463
20064,17-May-18,R1017,13,42,SP3156
20065,17-May-18,R1007,15,20,SP3156
20066,17-May-18,R1007,17,20,SP3156
20067,18-May-18,R1006,13,6,SP3992
20068,18-May-18,R1015,16,8,SP2092
20069,18-May-18,R1015,18,20,SP2092
20070,18-May-18,R1015,18,16,SP2092
20071,20-May-18,R1009,16,18,SP3740
20072,20-May-18,R1009,13,6,SP3740
20073,20-May-18,R1009,14,20,SP3740
20074,20-May-18,R1009,15,30,SP3740
20075,20-May-18,R1016,17,14,SP3463
20076,21-May-18,R1011,13,60,SP1841
20077,21-May-18,R1011,14,14,SP1841
20078,21-May-18,R1011,18,32,SP1841
20079,21-May-18,R1011,17,50,SP1841
20080,21-May-18,R1011,16,9,SP1841
20081,24-May-18,R1007,14,15,SP3740
20082,24-May-18,R1007,17,20,SP3740
20083,24-May-18,R1007,16,20,SP3740
20084,24-May-18,R1006,13,15,SP3463
20085,24-May-18,R1006,14,28,SP3463
20086,25-May-18,R1010,14,8,SP3156
20087,25-May-18,R1010,17,10,SP3156
20088,25-May-18,R1010,13,20,SP3156
20089,26-May-18,R1015,15,10,SP1229
20090,26-May-18,R1015,15,15,SP1229
20091,26-May-18,R1013,13,15,SP3156
20092,26-May-18,R1013,17,6,SP3156
20093,26-May-18,R1013,15,15,SP3156
20094,26-May-18,R1013,13,12,SP3156
20095,27-May-18,R1007,17,20,SP2092
20096,27-May-18,R1007,16,15,SP2092
20097,27-May-18,R1007,14,40,SP2092
20098,28-May-18,R1017,14,20,SP1841
20099,28-May-18,R1017,15,30,SP1841
20100,28-May-18,R1017,16,16,SP1841
20101,28-May-18,R1017,14,15,SP1841
20102,31-May-18,R1011,13,24,SP1815
20103,31-May-18,R1011,15,40,SP1815
20104,31-May-18,R1011,16,45,SP1815
20105,31-May-18,R1011,13,60,SP1815
20106,31-May-18,R1012,16,18,SP3463
20107,1-Jun-18,R1011,13,50,SP2092
20108,2-Jun-18,R1010,13,32,SP3156
20109,2-Jun-18,R1010,14,7,SP3156
20110,2-Jun-18,R1010,14,70,SP3156
20111,2-Jun-18,R1010,17,42,SP3156
20112,2-Jun-18,R1010,15,25,SP3156
20113,2-Jun-18,R1010,16,10,SP3156
20114,2-Jun-18,R1010,14,10,SP3156
20115,3-Jun-18,R1016,14,70,SP1815
20116,3-Jun-18,R1016,16,28,SP1815
20117,3-Jun-18,R1016,13,8,SP1815
20118,4-Jun-18,R1012,17,40,SP3156
20119,4-Jun-18,R1012,13,21,SP3156
20120,4-Jun-18,R1012,13,60,SP3156
20121,4-Jun-18,R1019,14,10,SP3992
20122,4-Jun-18,R1019,17,18,SP3992
20123,7-Jun-18,R1010,15,30,SP2092
20124,7-Jun-18,R1010,14,120,SP2092
20125,8-Jun-18,R1005,14,60,SP3740
20126,8-Jun-18,R1005,15,35,SP3740
20127,8-Jun-18,R1005,18,14,SP3740
20128,8-Jun-18,R1005,13,30,SP3740
20129,9-Jun-18,R1007,14,30,SP3156
20130,9-Jun-18,R1007,15,35,SP3156
20131,9-Jun-18,R1007,14,21,SP3156
20132,9-Jun-18,R1010,16,18,SP3156
20133,9-Jun-18,R1010,17,70,SP3156
20134,9-Jun-18,R1010,13,60,SP3156
20135,9-Jun-18,R1010,18,20,SP3156
20136,10-Jun-18,R1011,17,60,SP3740
20137,10-Jun-18,R1011,18,65,SP3740
20138,11-Jun-18,R1011,14,21,SP1841
20139,11-Jun-18,R1011,14,70,SP1841
20140,11-Jun-18,R1020,17,40,SP2092
20141,11-Jun-18,R1020,14,30,SP2092
20142,11-Jun-18,R1020,14,30,SP2092
20143,14-Jun-18,R1016,18,50,SP3156
20144,15-Jun-18,R1015,16,5,SP1571
20145,15-Jun-18,R1015,14,30,SP1571
20146,15-Jun-18,R1015,15,10,SP1571
20147,15-Jun-18,R1015,16,2,SP1571
20148,15-Jun-18,R1015,17,42,SP1571
20149,15-Jun-18,R1012,13,15,SP2092
20150,15-Jun-18,R1012,13,15,SP2092
20151,15-Jun-18,R1012,13,30,SP2092
20155,17-Jun-18,R1004,14,12,SP3463
20156,17-Jun-18,R1004,17,12,SP3463
20157,18-Jun-18,R1017,13,16,SP3463
20158,18-Jun-18,R1017,13,49,SP3463
20159,18-Jun-18,R1017,18,40,SP1229
20160,18-Jun-18,R1017,16,25,SP1229
20161,18-Jun-18,R1017,13,9,SP1229
20162,21-Jun-18,R1014,17,20,SP3740
20166,22-Jun-18,R1015,13,50,SP2092
20167,22-Jun-18,R1015,14,18,SP2092
20168,23-Jun-18,R1010,14,2,SP3463
20169,23-Jun-18,R1010,13,20,SP3463
20170,24-Jun-18,R1014,14,10,SP3740
20171,24-Jun-18,R1014,14,20,SP3740
20172,24-Jun-18,R1014,17,20,SP3740
20173,24-Jun-18,R1005,14,36,SP1841
20174,24-Jun-18,R1005,18,35,SP1841
20175,24-Jun-18,R1005,15,50,SP1841
20176,24-Jun-18,R1005,16,2,SP1841
20177,25-Jun-18,R1012,18,16,SP1841
20178,25-Jun-18,R1012,15,60,SP1841
20179,25-Jun-18,R1012,17,15,SP1841
20180,25-Jun-18,R1012,14,55,SP1841
20181,28-Jun-18,R1003,13,60,SP1841
20182,28-Jun-18,R1003,13,20,SP1841
20183,29-Jun-18,R1015,14,20,SP3463
20184,29-Jun-18,R1015,15,8,SP3463
20185,29-Jun-18,R1015,16,2,SP3463
20186,29-Jun-18,R1015,16,20,SP3463
20187,29-Jun-18,R1015,14,15,SP3740
20188,29-Jun-18,R1015,18,10,SP3740
20189,29-Jun-18,R1015,14,30,SP3740
20190,29-Jun-18,R1015,14,4,SP3740
20191,30-Jun-18,R1020,14,2,SP2092
20192,1-Jul-18,R1015,13,14,SP1815
20193,1-Jul-18,R1015,13,20,SP1815
20194,1-Jul-18,R1017,15,49,SP1571
20195,1-Jul-18,R1017,15,60,SP1571
20196,1-Jul-18,R1017,14,30,SP1571
20199,5-Jul-18,R1018,17,5,SP1841
20200,5-Jul-18,R1018,17,7,SP1841
20201,5-Jul-18,R1011,17,35,SP1841
20202,6-Jul-18,R1020,16,20,SP1571
20203,7-Jul-18,R1009,14,40,SP3463
20204,7-Jul-18,R1009,18,35,SP3463
20205,8-Jul-18,R1011,14,50,SP1841
20206,8-Jul-18,R1011,13,70,SP1841
20207,8-Jul-18,R1011,14,45,SP1841
20208,8-Jul-18,R1011,17,30,SP1841
20209,8-Jul-18,R1017,14,50,SP1841
20210,8-Jul-18,R1017,16,50,SP1841
20211,8-Jul-18,R1017,14,30,SP1841
20212,9-Jul-18,R1010,14,10,SP3463
20213,9-Jul-18,R1010,14,40,SP3463
20214,12-Jul-18,R1019,17,28,SP3463
20215,12-Jul-18,R1006,13,6,SP3463
20216,12-Jul-18,R1006,15,18,SP3463
20217,13-Jul-18,R1007,13,10,SP3740
20218,13-Jul-18,R1007,17,12,SP3740
20219,13-Jul-18,R1007,15,10,SP3740
20224,14-Jul-18,R1014,14,15,SP3740
20225,15-Jul-18,R1012,17,15,SP3463
20226,15-Jul-18,R1012,15,20,SP3463
20227,15-Jul-18,R1012,14,15,SP3463
20228,16-Jul-18,R1017,13,15,SP1815
20229,16-Jul-18,R1017,17,30,SP1815
20230,16-Jul-18,R1017,17,6,SP1815
20231,16-Jul-18,R1017,14,16,SP1815
20232,18-Jul-18,R1010,18,90,SP1841
20233,18-Jul-18,R1010,15,45,SP1841
20234,18-Jul-18,R1010,14,49,SP1841
20235,18-Jul-18,R1010,14,24,SP1841
20236,18-Jul-18,R1010,14,50,SP3463
20237,20-Jul-18,R1011,18,60,SP3463
20238,20-Jul-18,R1011,13,30,SP3463
20239,20-Jul-18,R1011,14,80,SP3463
20240,21-Jul-18,R1020,17,12,SP3740
20241,21-Jul-18,R1020,13,6,SP3740
20242,21-Jul-18,R1006,15,8,SP3463
20243,21-Jul-18,R1006,14,10,SP3463
20244,21-Jul-18,R1006,16,30,SP3463
20245,21-Jul-18,R1006,14,15,SP3463
20246,22-Jul-18,R1006,14,15,SP3463
20247,22-Jul-18,R1006,15,6,SP3463
20248,23-Jul-18,R1012,15,20,SP1815
20249,23-Jul-18,R1012,14,12,SP1815
20250,23-Jul-18,R1012,17,15,SP1815
20251,23-Jul-18,R1012,13,3,SP1815
20252,23-Jul-18,R1015,13,2,SP1841
20253,23-Jul-18,R1015,14,40,SP1841
20254,23-Jul-18,R1015,18,35,SP1841
20255,26-Jul-18,R1004,14,6,SP1841
20256,26-Jul-18,R1004,16,20,SP1841
20262,28-Jul-18,R1012,14,120,SP1841
20263,28-Jul-18,R1012,17,35,SP1841
20264,28-Jul-18,R1012,18,28,SP1841
20265,28-Jul-18,R1012,18,55,SP1841
20266,29-Jul-18,R1010,17,15,SP3740
20267,29-Jul-18,R1010,18,100,SP3740
20268,30-Jul-18,R1007,15,25,SP3156
20269,30-Jul-18,R1007,14,15,SP3156
20273,2-Aug-18,R1014,13,30,SP3740
20274,2-Aug-18,R1014,15,20,SP3740
20275,2-Aug-18,R1014,18,25,SP3740
20276,2-Aug-18,R1014,14,50,SP3740
20277,3-Aug-18,R1012,14,21,SP3740
20278,3-Aug-18,R1012,14,40,SP3740
20279,3-Aug-18,R1012,13,36,SP2092
20280,4-Aug-18,R1008,17,15,SP1571
20281,4-Aug-18,R1008,15,20,SP1571
20282,4-Aug-18,R1008,14,30,SP1571
20283,4-Aug-18,R1008,13,50,SP1571
20284,4-Aug-18,R1008,17,30,SP1571
20288,6-Aug-18,R1006,14,21,SP3740
20289,6-Aug-18,R1006,15,4,SP3740
20290,6-Aug-18,R1016,14,40,SP3156
20291,6-Aug-18,R1016,16,28,SP3156
20292,6-Aug-18,R1016,14,60,SP3156
20293,9-Aug-18,R1007,16,1,SP2092
20294,9-Aug-18,R1007,17,21,SP2092
20295,10-Aug-18,R1008,17,50,SP3992
20296,10-Aug-18,R1008,14,21,SP3992
20297,10-Aug-18,R1019,18,16,SP1841
20298,10-Aug-18,R1019,17,30,SP1841
20299,10-Aug-18,R1019,13,20,SP1841
20300,10-Aug-18,R1019,15,3,SP1841
20301,11-Aug-18,R1005,15,25,SP3156
20302,11-Aug-18,R1005,16,30,SP3156
20303,11-Aug-18,R1005,14,25,SP3156
20304,11-Aug-18,R1005,16,20,SP3156
20305,11-Aug-18,R1005,14,18,SP3156
20306,12-Aug-18,R1015,16,5,SP1841
20307,12-Aug-18,R1015,13,10,SP1841
20308,12-Aug-18,R1020,14,12,SP3740
20309,12-Aug-18,R1020,15,28,SP3740
20310,13-Aug-18,R1012,15,15,SP3463
20311,13-Aug-18,R1012,16,8,SP3463
20312,16-Aug-18,R1010,14,35,SP3156
20313,16-Aug-18,R1010,15,40,SP3156
20314,16-Aug-18,R1010,18,2,SP3156
20318,17-Aug-18,R1007,17,30,SP2092
20319,17-Aug-18,R1007,17,20,SP2092
20320,18-Aug-18,R1007,17,18,SP3740
20321,18-Aug-18,R1007,15,80,SP3740
20322,18-Aug-18,R1007,13,12,SP3156
20323,18-Aug-18,R1007,13,12,SP3156
20324,18-Aug-18,R1002,15,10,SP3992
20325,18-Aug-18,R1002,17,12,SP3992
20326,18-Aug-18,R1002,17,18,SP3992
20327,18-Aug-18,R1002,16,21,SP3992
20328,20-Aug-18,R1008,18,60,SP1229
20329,20-Aug-18,R1008,13,35,SP1229
20330,20-Aug-18,R1008,15,42,SP1229
20331,23-Aug-18,R1016,14,2,SP3740
20332,23-Aug-18,R1016,15,12,SP3740
20333,23-Aug-18,R1019,15,15,SP3992
20334,23-Aug-18,R1019,15,20,SP3992
20335,23-Aug-18,R1019,14,21,SP3992
20337,25-Aug-18,R1010,14,28,SP3463
20338,25-Aug-18,R1010,13,60,SP3463
20339,25-Aug-18,R1010,15,30,SP3463
20340,25-Aug-18,R1010,17,30,SP3463
20343,26-Aug-18,R1015,14,24,SP3740
20344,26-Aug-18,R1015,13,40,SP3740
20345,27-Aug-18,R1010,16,10,SP3156
20346,30-Aug-18,R1010,18,30,SP1571
20347,30-Aug-18,R1010,15,35,SP1571
20348,30-Aug-18,R1007,17,3,SP3463
20349,30-Aug-18,R1007,14,14,SP3463
20350,30-Aug-18,R1007,16,10,SP3463
20351,31-Aug-18,R1016,14,30,SP1841
20352,31-Aug-18,R1016,15,20,SP1841
20353,31-Aug-18,R1016,18,20,SP1841
20354,31-Aug-18,R1016,15,60,SP1841
20355,1-Sep-18,R1016,17,16,SP3156
20356,1-Sep-18,R1016,13,5,SP3156
20357,1-Sep-18,R1016,17,25,SP3156
20358,1-Sep-18,R1015,14,30,SP2092
20359,1-Sep-18,R1015,14,24,SP2092
20360,1-Sep-18,R1015,14,5,SP2092
20361,2-Sep-18,R1012,13,30,SP3740
20362,2-Sep-18,R1012,16,20,SP3740
20363,3-Sep-18,R1011,13,15,SP1815
20364,3-Sep-18,R1011,14,18,SP1815
20365,6-Sep-18,R1016,13,60,SP1571
20366,6-Sep-18,R1016,14,30,SP1571
20367,6-Sep-18,R1016,15,36,SP1571
20368,6-Sep-18,R1019,18,15,SP3740
20369,6-Sep-18,R1019,18,7,SP3740
20370,7-Sep-18,R1017,17,20,SP3463
20371,7-Sep-18,R1017,14,60,SP3463
20375,8-Sep-18,R1015,17,30,SP1841
20376,9-Sep-18,R1017,18,5,SP3463
20377,9-Sep-18,R1017,16,20,SP3463
20378,9-Sep-18,R1017,17,10,SP3463
20379,10-Sep-18,R1015,13,20,SP1571
20380,10-Sep-18,R1012,13,25,SP1571
20381,10-Sep-18,R1012,17,14,SP1571
20382,10-Sep-18,R1012,18,25,SP1571
20383,13-Sep-18,R1016,15,14,SP3740
20384,13-Sep-18,R1016,16,5,SP3740
20385,13-Sep-18,R1016,17,30,SP3740
20386,14-Sep-18,R1016,14,25,SP1841
20387,14-Sep-18,R1016,17,20,SP1841
20390,15-Sep-18,R1012,14,20,SP1229
20391,16-Sep-18,R1002,14,6,SP2092
20392,16-Sep-18,R1002,16,21,SP2092
20393,16-Sep-18,R1002,15,30,SP2092
20394,17-Sep-18,R1009,18,20,SP1815
20395,17-Sep-18,R1009,17,70,SP1815
20396,17-Sep-18,R1010,14,10,SP1841
20397,17-Sep-18,R1010,18,25,SP1841
20398,17-Sep-18,R1010,14,12,SP1841
20399,17-Sep-18,R1010,15,12,SP1841
20400,20-Sep-18,R1017,14,3,SP3463
20401,21-Sep-18,R1012,14,18,SP1229
20402,21-Sep-18,R1012,15,14,SP1229
20403,21-Sep-18,R1002,15,15,SP1571
20404,21-Sep-18,R1002,14,15,SP1571
20405,22-Sep-18,R1012,16,10,SP3156
20406,22-Sep-18,R1012,15,10,SP3156
20407,23-Sep-18,R1012,17,3,SP1841
20408,24-Sep-18,R1010,15,36,SP1815
20409,24-Sep-18,R1010,14,36,SP1815
20413,27-Sep-18,R1015,15,10,SP1571
20414,27-Sep-18,R1015,13,12,SP1571
20415,27-Sep-18,R1015,16,9,SP1571
20416,27-Sep-18,R1015,14,6,SP1571
20417,28-Sep-18,R1012,13,50,SP1571
20418,28-Sep-18,R1012,18,15,SP1571
20419,28-Sep-18,R1012,14,40,SP1571
20420,28-Sep-18,R1011,14,39,SP3463
20421,28-Sep-18,R1011,15,50,SP3463
20422,28-Sep-18,R1011,17,35,SP3463
20423,28-Sep-18,R1011,17,70,SP3463
20424,28-Sep-18,R1011,18,39,SP3463
20425,29-Sep-18,R1012,14,120,SP2092
20426,29-Sep-18,R1012,13,84,SP2092
20427,29-Sep-18,R1012,14,50,SP2092
20428,29-Sep-18,R1012,14,16,SP2092
20429,29-Sep-18,R1012,13,16,SP2092
20430,30-Sep-18,R1009,17,20,SP2092
20431,30-Sep-18,R1009,16,80,SP2092
20432,30-Sep-18,R1009,16,25,SP2092
20433,30-Sep-18,R1007,17,6,SP3463
20434,30-Sep-18,R1007,15,6,SP3463
20435,30-Sep-18,R1007,13,4,SP3463
20436,1-Oct-18,R1002,18,9,SP1841
20437,1-Oct-18,R1002,15,5,SP1841
20438,1-Oct-18,R1002,15,15,SP1841
20439,4-Oct-18,R1003,16,16,SP1815
20440,4-Oct-18,R1003,17,40,SP1815
20441,4-Oct-18,R1003,13,10,SP1815
20442,5-Oct-18,R1013,15,8,SP1571
20443,5-Oct-18,R1013,14,5,SP1571
20444,5-Oct-18,R1004,15,3,SP3740
20445,5-Oct-18,R1004,14,6,SP3740
20446,5-Oct-18,R1004,16,10,SP3740
20447,6-Oct-18,R1012,15,40,SP1841
20448,6-Oct-18,R1012,16,20,SP1841
20449,6-Oct-18,R1012,18,24,SP1841
20450,6-Oct-18,R1012,16,25,SP1841
20451,7-Oct-18,R1007,16,18,SP1571
20452,7-Oct-18,R1007,16,6,SP1571
20453,7-Oct-18,R1007,14,25,SP1571
20454,7-Oct-18,R1007,14,15,SP1571
20455,7-Oct-18,R1006,14,15,SP3156
20456,7-Oct-18,R1006,15,60,SP3156
20457,7-Oct-18,R1006,16,10,SP3156
20458,7-Oct-18,R1006,16,2,SP3156
20461,11-Oct-18,R1014,16,10,SP1841
20462,11-Oct-18,R1014,15,8,SP1841
20463,11-Oct-18,R1014,17,30,SP1841
20464,11-Oct-18,R1012,18,50,SP1571
20465,11-Oct-18,R1012,16,30,SP1571
20466,12-Oct-18,R1010,13,3,SP1815
20467,12-Oct-18,R1010,13,9,SP1815
20468,12-Oct-18,R1010,13,8,SP1815
20469,13-Oct-18,R1008,14,20,SP3992
20470,13-Oct-18,R1008,13,10,SP3992
20471,13-Oct-18,R1008,14,14,SP3992
20472,14-Oct-18,R1011,15,25,SP3463
20473,14-Oct-18,R1011,14,40,SP3463
20474,14-Oct-18,R1011,18,20,SP3463
20475,14-Oct-18,R1011,15,50,SP3463
20476,14-Oct-18,R1004,13,2,SP1571
20477,15-Oct-18,R1007,18,24,SP1571
20478,15-Oct-18,R1007,16,15,SP1571
20479,18-Oct-18,R1006,16,24,SP3740
20480,18-Oct-18,R1006,18,50,SP3740
20481,18-Oct-18,R1006,13,24,SP3740
20482,18-Oct-18,R1012,16,10,SP3740
20483,18-Oct-18,R1012,14,10,SP3740
20484,18-Oct-18,R1012,16,10,SP3740
20485,18-Oct-18,R1002,17,5,SP1841
20486,18-Oct-18,R1002,13,15,SP1841
20487,18-Oct-18,R1002,13,50,SP1841
20488,18-Oct-18,R1002,16,10,SP1841
20489,20-Oct-18,R1012,13,30,SP3463
20490,20-Oct-18,R1012,13,20,SP3463
20491,20-Oct-18,R1012,13,15,SP3463
20492,20-Oct-18,R1012,13,35,SP3463
20493,20-Oct-18,R1003,16,20,SP3156
20494,20-Oct-18,R1003,16,9,SP3156
20495,20-Oct-18,R1003,13,30,SP3156
20496,20-Oct-18,R1003,13,21,SP3156
20497,20-Oct-18,R1003,17,6,SP3156
20498,21-Oct-18,R1007,13,1,SP1229
20499,21-Oct-18,R1007,15,7,SP1229
20500,22-Oct-18,R1007,14,15,SP1815
20501,22-Oct-18,R1007,16,8,SP1815
20502,22-Oct-18,R1007,14,6,SP1815
20503,22-Oct-18,R1007,13,15,SP1815
20504,25-Oct-18,R1012,14,35,SP3463
20505,25-Oct-18,R1012,15,30,SP3463
20506,25-Oct-18,R1012,14,40,SP3463
20507,25-Oct-18,R1012,18,60,SP3463
20508,25-Oct-18,R1015,15,4,SP2092
20509,25-Oct-18,R1015,15,35,SP2092
20510,25-Oct-18,R1015,18,36,SP2092
20511,25-Oct-18,R1015,13,9,SP2092
20512,26-Oct-18,R1012,14,24,SP3156
20513,26-Oct-18,R1012,13,15,SP3156
20514,27-Oct-18,R1016,13,30,SP3740
20515,27-Oct-18,R1016,17,70,SP3740
20516,27-Oct-18,R1010,17,7,SP1841
20517,27-Oct-18,R1010,15,7,SP1841
20518,28-Oct-18,R1010,13,10,SP3740
20522,29-Oct-18,R1007,13,24,SP3463
20523,29-Oct-18,R1007,16,60,SP3463
20524,1-Nov-18,R1012,16,14,SP3463
20525,1-Nov-18,R1012,15,10,SP3463
20526,2-Nov-18,R1012,17,48,SP3992
20527,2-Nov-18,R1012,16,100,SP3992
20528,2-Nov-18,R1012,13,55,SP3992
20529,3-Nov-18,R1018,18,10,SP1571
20530,3-Nov-18,R1018,14,8,SP1571
20531,3-Nov-18,R1018,14,10,SP1571
20532,3-Nov-18,R1018,14,6,SP1571
20533,3-Nov-18,R1019,15,20,SP1841
20534,3-Nov-18,R1019,18,40,SP1841
20535,3-Nov-18,R1019,14,40,SP1841
20536,4-Nov-18,R1016,13,18,SP2092
20537,4-Nov-18,R1016,15,30,SP2092
20538,5-Nov-18,R1014,13,15,SP2092
20539,5-Nov-18,R1014,13,30,SP2092
20540,5-Nov-18,R1014,15,6,SP2092
20541,5-Nov-18,R1014,14,14,SP2092
20542,5-Nov-18,R1014,17,24,SP2092
20543,5-Nov-18,R1012,18,10,SP1841
20544,5-Nov-18,R1012,14,30,SP1841
20545,5-Nov-18,R1012,17,20,SP1841
20546,5-Nov-18,R1012,14,20,SP1841
20547,8-Nov-18,R1010,17,30,SP1815
20548,8-Nov-18,R1010,15,18,SP1815
20549,8-Nov-18,R1010,14,35,SP1815
20550,8-Nov-18,R1010,17,20,SP1815
20551,8-Nov-18,R1010,17,40,SP1815
20552,9-Nov-18,R1005,13,24,SP2092
20553,9-Nov-18,R1012,17,30,SP1229
20554,9-Nov-18,R1012,15,20,SP1229
20555,10-Nov-18,R1007,17,30,SP3156
20556,10-Nov-18,R1007,14,18,SP3156
20557,10-Nov-18,R1007,14,25,SP3156
20558,10-Nov-18,R1007,17,20,SP3156
20559,10-Nov-18,R1007,16,3,SP3156
20562,12-Nov-18,R1012,16,20,SP3740
20563,12-Nov-18,R1012,14,15,SP3740
20564,12-Nov-18,R1006,18,10,SP2092
20565,12-Nov-18,R1006,17,50,SP2092
20566,15-Nov-18,R1020,13,20,SP3156
20567,15-Nov-18,R1020,14,10,SP3156
20568,16-Nov-18,R1015,16,25,SP2092
20569,16-Nov-18,R1015,17,70,SP2092
20570,16-Nov-18,R1010,13,6,SP1841
20571,16-Nov-18,R1010,14,25,SP1841
20572,16-Nov-18,R1010,14,16,SP1841
20573,17-Nov-18,R1017,17,18,SP3740
20574,17-Nov-18,R1017,15,25,SP3740
20578,18-Nov-18,R1009,17,3,SP3156
20579,18-Nov-18,R1009,13,60,SP3156
20580,18-Nov-18,R1009,13,40,SP3156
20581,18-Nov-18,R1018,16,5,SP3463
20582,22-Nov-18,R1010,15,30,SP3992
20583,22-Nov-18,R1010,13,35,SP3992
20584,23-Nov-18,R1017,17,60,SP3463
20585,23-Nov-18,R1017,13,15,SP3463
20586,23-Nov-18,R1011,17,28,SP3740
20587,23-Nov-18,R1011,17,11,SP3740
20588,24-Nov-18,R1006,13,10,SP3463
20589,24-Nov-18,R1006,15,15,SP3463
20590,24-Nov-18,R1006,14,12,SP3463
20591,24-Nov-18,R1006,16,50,SP3463
20592,25-Nov-18,R1002,14,18,SP1571
20593,25-Nov-18,R1002,14,25,SP1571
20594,25-Nov-18,R1002,15,40,SP1571
20595,25-Nov-18,R1010,14,10,SP1841
20596,25-Nov-18,R1010,13,14,SP1841
20597,25-Nov-18,R1010,16,2,SP1841
20598,25-Nov-18,R1010,17,6,SP1841
20599,26-Nov-18,R1012,13,30,SP3992
20600,26-Nov-18,R1012,15,10,SP3992
20601,26-Nov-18,R1012,18,6,SP3992
20602,26-Nov-18,R1012,13,12,SP3992
20603,29-Nov-18,R1002,15,10,SP3463
20604,29-Nov-18,R1002,18,21,SP3463
20605,29-Nov-18,R1002,13,20,SP3463
20606,29-Nov-18,R1010,15,10,SP1229
20607,29-Nov-18,R1010,18,18,SP1229
20608,29-Nov-18,R1010,15,20,SP1229
20609,30-Nov-18,R1007,15,20,SP1841
20610,30-Nov-18,R1007,17,6,SP1841
20611,1-Dec-18,R1010,15,21,SP3156
20612,1-Dec-18,R1010,18,10,SP3156
20613,2-Dec-18,R1012,17,15,SP1841
20614,2-Dec-18,R1012,18,30,SP1841
20615,2-Dec-18,R1012,16,9,SP1841
20616,2-Dec-18,R1015,15,50,SP3463
20617,3-Dec-18,R1012,17,4,SP3463
20618,3-Dec-18,R1012,15,14,SP3463
20619,6-Dec-18,R1014,13,10,SP2092
20620,6-Dec-18,R1014,14,10,SP2092
20621,6-Dec-18,R1014,13,24,SP2092
20623,7-Dec-18,R1015,14,15,SP1571
20624,8-Dec-18,R1020,17,4,SP1229
20625,8-Dec-18,R1015,14,6,SP3156
20626,8-Dec-18,R1015,15,20,SP3156
20627,8-Dec-18,R1015,18,20,SP3156
20628,9-Dec-18,R1012,16,40,SP2092
20629,9-Dec-18,R1012,17,100,SP2092
20630,10-Dec-18,R1010,15,4,SP3740
20631,13-Dec-18,R1017,18,60,SP1841
20632,13-Dec-18,R1017,15,20,SP1841
20633,13-Dec-18,R1005,18,14,SP3156
20634,13-Dec-18,R1005,17,10,SP3156
20635,13-Dec-18,R1005,14,50,SP3156
20636,14-Dec-18,R1012,18,25,SP3463
20637,14-Dec-18,R1012,14,5,SP3463
20638,15-Dec-18,R1012,13,20,SP1571
20639,15-Dec-18,R1012,15,4,SP1571
20640,15-Dec-18,R1012,14,21,SP1571
20641,15-Dec-18,R1010,16,30,SP3463
20642,15-Dec-18,R1010,17,24,SP3463
20643,16-Dec-18,R1011,15,30,SP2092
20644,16-Dec-18,R1011,18,120,SP2092
20645,16-Dec-18,R1011,13,65,SP2092
20646,17-Dec-18,R1010,15,30,SP3740
20647,17-Dec-18,R1010,18,24,SP3740
20648,17-Dec-18,R1010,17,5,SP3740
20649,17-Dec-18,R1011,15,35,SP1571
20650,17-Dec-18,R1011,18,12,SP1571
20651,17-Dec-18,R1011,17,20,SP1571
20652,20-Dec-18,R1010,14,50,SP3156
20653,20-Dec-18,R1010,13,9,SP3156
20654,21-Dec-18,R1007,14,10,SP1815
20655,22-Dec-18,R1010,14,4,SP1841
20656,22-Dec-18,R1010,16,30,SP1841
20657,22-Dec-18,R1016,13,35,SP1571
20658,22-Dec-18,R1016,16,60,SP1571
20659,23-Dec-18,R1005,18,5,SP3740
20660,24-Dec-18,R1010,14,25,SP3740
20661,24-Dec-18,R1010,17,48,SP3740
20662,24-Dec-18,R1019,14,6,SP3156
20663,24-Dec-18,R1019,15,10,SP3156
20664,27-Dec-18,R1017,13,70,SP3156
20665,27-Dec-18,R1017,13,20,SP3156
20666,27-Dec-18,R1017,14,30,SP3156
20667,27-Dec-18,R1017,13,15,SP3156
20668,28-Dec-18,R1015,18,20,SP1841
20669,28-Dec-18,R1015,14,10,SP1841
20670,28-Dec-18,R1015,14,20,SP1841
20671,28-Dec-18,R1010,13,14,SP3992
20672,28-Dec-18,R1010,16,42,SP3992
20673,28-Dec-18,R1010,13,12,SP3992
20674,28-Dec-18,R1010,17,45,SP3992
20675,28-Dec-18,R1010,14,100,SP3992
20676,29-Dec-18,R1012,17,28,SP1841
20681,31-Dec-18,R1001,13,15,SP1815
20682,31-Dec-18,R1001,15,10,SP1815
20683,31-Dec-18,R1001,15,6,SP1815
20684,3-Jan-18,R1010,13,40,SP3156
20685,3-Jan-18,R1010,15,80,SP3156
20686,3-Jan-18,R1010,16,70,SP3156
20687,3-Jan-18,R1010,16,55,SP3156
20688,3-Jan-18,R1010,14,18,SP3156
20689,4-Jan-18,R1016,16,8,SP1841
20690,4-Jan-18,R1016,15,40,SP1841
20691,4-Jan-18,R1012,14,8,SP3740
20692,4-Jan-18,R1012,13,14,SP3740
20693,4-Jan-18,R1012,15,5,SP3740
20694,5-Jan-18,R1014,14,5,SP2092
20695,6-Jan-18,R1010,15,15,SP3156
20696,6-Jan-18,R1010,17,14,SP3156
20697,6-Jan-18,R1010,13,15,SP3156
20698,6-Jan-18,R1010,15,15,SP3156
20699,6-Jan-18,R1010,13,30,SP1841
20700,7-Jan-18,R1017,17,20,SP3156
20701,7-Jan-18,R1017,18,70,SP3156
20702,7-Jan-18,R1017,14,15,SP3156
20703,10-Jan-18,R1017,14,42,SP3463
20704,10-Jan-18,R1017,17,40,SP3463
20705,11-Jan-18,R1017,17,5,SP2092
20706,11-Jan-18,R1017,15,5,SP2092
20707,11-Jan-18,R1007,14,5,SP1841
20708,11-Jan-18,R1007,15,20,SP1841
20709,11-Jan-18,R1007,13,15,SP1841
20710,11-Jan-18,R1007,17,10,SP1841
20711,12-Jan-18,R1015,15,20,SP1841
20712,12-Jan-18,R1015,14,18,SP1841
20713,13-Jan-18,R1012,17,21,SP3740
20714,13-Jan-18,R1012,15,3,SP3740
20715,13-Jan-18,R1012,14,25,SP3740
20716,13-Jan-18,R1012,14,15,SP3740
20717,13-Jan-18,R1012,15,30,SP3740
20718,13-Jan-18,R1010,18,10,SP1841
20719,13-Jan-18,R1010,14,6,SP1841
20720,13-Jan-18,R1010,17,10,SP1841
20721,14-Jan-18,R1002,13,10,SP3463
20722,14-Jan-18,R1002,17,5,SP3463
20723,14-Jan-18,R1002,17,3,SP3463
20724,17-Jan-18,R1006,14,12,SP3156
20725,17-Jan-18,R1006,13,20,SP3156
20726,17-Jan-18,R1006,13,20,SP3156
20727,17-Jan-18,R1010,16,35,SP3740
20728,17-Jan-18,R1010,14,15,SP3740
20730,18-Jan-18,R1018,17,9,SP1841
20731,18-Jan-18,R1018,14,20,SP1841
20732,18-Jan-18,R1012,14,12,SP3156
20733,18-Jan-18,R1012,15,35,SP3156
20735,20-Jan-18,R1012,13,20,SP3740
20736,20-Jan-18,R1012,15,30,SP3740
20737,21-Jan-18,R1011,13,36,SP1571
20738,21-Jan-18,R1011,16,13,SP1571
20739,21-Jan-18,R1011,14,80,SP1571
20740,21-Jan-18,R1011,14,35,SP1571
20745,24-Jan-18,R1020,18,15,SP3740
20746,24-Jan-18,R1020,17,40,SP3740
20747,24-Jan-18,R1020,18,10,SP3740
20748,25-Jan-18,R1014,16,6,SP1841
20749,25-Jan-18,R1014,18,25,SP1841
20750,25-Jan-18,R1015,13,10,SP1815
20751,25-Jan-18,R1015,17,60,SP1815
20752,25-Jan-18,R1015,14,25,SP1815
20753,26-Jan-18,R1016,16,20,SP3463
20754,26-Jan-18,R1016,18,21,SP3463
20755,26-Jan-18,R1016,13,60,SP3463
20756,26-Jan-18,R1013,16,8,SP1571
20757,27-Jan-18,R1012,15,15,SP1841
20758,27-Jan-18,R1012,13,20,SP1841
20759,28-Jan-18,R1016,15,50,SP1841
20760,28-Jan-18,R1016,16,60,SP1841
20761,28-Jan-18,R1005,14,30,SP1571
20762,28-Jan-18,R1005,18,20,SP1571
20763,31-Jan-18,R1012,15,21,SP1815
20764,31-Jan-18,R1012,17,15,SP1815
20765,31-Jan-18,R1012,16,2,SP1815
20766,31-Jan-18,R1015,16,21,SP3463
20767,31-Jan-18,R1015,15,20,SP3463
20768,31-Jan-18,R1015,16,4,SP3463
20769,1-Feb-18,R1015,16,20,SP1841
20770,1-Feb-18,R1015,16,15,SP1841
20771,2-Feb-18,R1009,13,30,SP1229
20772,2-Feb-18,R1009,18,35,SP1229
20773,2-Feb-18,R1009,15,15,SP1229
20774,2-Feb-18,R1009,16,18,SP1229
20775,2-Feb-18,R1015,15,20,SP1841
20776,2-Feb-18,R1015,14,30,SP1841
20777,3-Feb-18,R1015,17,15,SP3992
20778,3-Feb-18,R1015,15,15,SP3992
20779,3-Feb-18,R1008,17,20,SP3992
20780,3-Feb-18,R1008,13,15,SP3992
20781,4-Feb-18,R1015,14,25,SP3992
20782,4-Feb-18,R1015,16,30,SP3992
20783,4-Feb-18,R1015,14,30,SP3992
20784,7-Feb-18,R1012,14,12,SP3740
20785,7-Feb-18,R1012,17,20,SP3740
20786,7-Feb-18,R1015,17,20,SP1841
20787,7-Feb-18,R1015,16,2,SP1841
20788,8-Feb-18,R1012,14,30,SP3156
20789,8-Feb-18,R1012,13,20,SP3156
20790,8-Feb-18,R1006,15,20,SP3992
20791,8-Feb-18,R1006,14,6,SP3992
20792,8-Feb-18,R1006,18,12,SP3992
20793,9-Feb-18,R1020,16,20,SP3156
20794,10-Feb-18,R1010,17,3,SP1815
20795,10-Feb-18,R1010,18,28,SP1815
20796,10-Feb-18,R1010,14,6,SP1815
20797,10-Feb-18,R1010,16,45,SP2092
20798,10-Feb-18,R1010,13,30,SP2092
20799,10-Feb-18,R1010,16,24,SP2092
20800,10-Feb-18,R1010,18,50,SP2092
20801,10-Feb-18,R1010,14,10,SP2092
20802,10-Feb-18,R1010,17,45,SP2092
20803,11-Feb-18,R1012,18,70,SP1841
20804,11-Feb-18,R1012,14,60,SP1841
20805,11-Feb-18,R1012,16,70,SP1841
20806,11-Feb-18,R1012,13,55,SP1841
20807,11-Feb-18,R1015,13,20,SP1571
20808,11-Feb-18,R1015,16,24,SP1571
20809,11-Feb-18,R1015,15,40,SP1571
20810,14-Feb-18,R1010,14,21,SP3740
20811,15-Feb-18,R1009,16,49,SP1571
20812,15-Feb-18,R1009,15,3,SP1571
20813,15-Feb-18,R1010,14,10,SP3463
20817,16-Feb-18,R1019,16,24,SP3156
20818,16-Feb-18,R1019,17,12,SP3156
20819,16-Feb-18,R1019,18,15,SP3156
20820,17-Feb-18,R1010,13,1,SP3156
20821,17-Feb-18,R1010,17,20,SP3156
20822,17-Feb-18,R1010,15,10,SP3156
20823,18-Feb-18,R1003,14,36,SP1571
20824,18-Feb-18,R1003,18,10,SP1571
20825,18-Feb-18,R1011,13,45,SP1571
20826,18-Feb-18,R1011,13,14,SP1571
20827,21-Feb-18,R1012,13,8,SP3156
20828,21-Feb-18,R1012,17,15,SP3156
20829,21-Feb-18,R1012,14,4,SP3156
20830,21-Feb-18,R1005,16,30,SP2092
20831,22-Feb-18,R1012,15,25,SP1841
20832,22-Feb-18,R1012,15,25,SP1841
20833,22-Feb-18,R1012,16,60,SP1841
20834,22-Feb-18,R1012,16,50,SP1841
20835,22-Feb-18,R1012,17,32,SP1841
20839,23-Feb-18,R1006,13,12,SP1229
20840,23-Feb-18,R1006,15,15,SP1229
20841,24-Feb-18,R1014,14,3,SP2092
20842,24-Feb-18,R1014,15,6,SP2092
20843,24-Feb-18,R1014,17,6,SP2092
20844,24-Feb-18,R1007,17,5,SP1841
20845,25-Feb-18,R1012,14,10,SP3992
20846,25-Feb-18,R1012,17,30,SP3992
20847,25-Feb-18,R1012,16,30,SP3992
20848,28-Feb-18,R1002,16,2,SP2092
20849,28-Feb-18,R1002,18,21,SP2092
20850,28-Feb-18,R1002,14,7,SP2092
20851,28-Feb-18,R1002,14,30,SP3156
20852,28-Feb-18,R1002,13,8,SP3156
20853,1-Mar-18,R1010,13,100,SP1571
20854,1-Mar-18,R1010,13,30,SP1571
20855,1-Mar-18,R1010,16,120,SP1571
20856,1-Mar-18,R1010,14,30,SP1571
20858,2-Mar-18,R1010,13,20,SP3156
20859,2-Mar-18,R1010,14,50,SP3156
20860,2-Mar-18,R1010,17,40,SP3156
20861,3-Mar-18,R1010,14,12,SP3463
20862,3-Mar-18,R1010,17,28,SP3463
20863,3-Mar-18,R1010,14,30,SP3463
20864,3-Mar-18,R1002,15,30,SP3463
20865,3-Mar-18,R1002,18,4,SP3463
20866,3-Mar-18,R1002,13,30,SP3463
20868,4-Mar-18,R1012,14,40,SP3463
20869,4-Mar-18,R1012,16,20,SP3463
20870,4-Mar-18,R1012,13,30,SP3463
20871,7-Mar-18,R1015,16,4,SP1841
20872,7-Mar-18,R1015,14,15,SP1841
20873,7-Mar-18,R1015,16,20,SP1841
20874,8-Mar-18,R1011,14,30,SP2092
20875,8-Mar-18,R1011,14,15,SP2092
20876,8-Mar-18,R1009,14,10,SP1229
20877,8-Mar-18,R1009,14,50,SP1229
20878,8-Mar-18,R1009,16,6,SP1229
20879,9-Mar-18,R1005,15,14,SP1841
20880,9-Mar-18,R1005,17,60,SP1841
20881,9-Mar-18,R1005,16,18,SP1841
20882,9-Mar-18,R1006,15,35,SP3156
20883,10-Mar-18,R1015,18,30,SP3156
20884,10-Mar-18,R1015,17,20,SP3156
20885,11-Mar-18,R1012,14,48,SP2092
20886,11-Mar-18,R1012,15,30,SP2092
20887,11-Mar-18,R1012,15,40,SP2092
20888,11-Mar-18,R1012,18,24,SP2092
20889,11-Mar-18,R1012,14,40,SP2092
20890,11-Mar-18,R1012,18,20,SP1841
20891,14-Mar-18,R1010,14,6,SP3463
20892,14-Mar-18,R1010,16,15,SP3463
20893,14-Mar-18,R1010,13,30,SP3463
20894,14-Mar-18,R1010,14,60,SP3463
20895,14-Mar-18,R1012,15,50,SP3740
20896,14-Mar-18,R1012,13,25,SP3740
20897,14-Mar-18,R1012,17,90,SP3740
20898,15-Mar-18,R1014,13,4,SP1571
20899,15-Mar-18,R1014,15,20,SP1571
20900,15-Mar-18,R1014,18,10,SP1571
20901,16-Mar-18,R1010,16,18,SP3740
20902,16-Mar-18,R1010,14,20,SP3740
20903,16-Mar-18,R1016,15,9,SP3463
20904,16-Mar-18,R1016,15,30,SP3463
20905,16-Mar-18,R1016,16,30,SP3463
20906,16-Mar-18,R1016,14,7,SP3463
20907,17-Mar-18,R1011,13,15,SP1841
20908,17-Mar-18,R1011,15,8,SP1841
20909,17-Mar-18,R1011,18,65,SP1841
20910,17-Mar-18,R1011,14,8,SP1841
20911,17-Mar-18,R1011,14,12,SP1841
20912,17-Mar-18,R1012,14,12,SP3463
20913,18-Mar-18,R1010,14,40,SP3463
20914,18-Mar-18,R1010,15,12,SP3463
20915,18-Mar-18,R1010,15,5,SP3463
20916,18-Mar-18,R1010,13,60,SP3463
20917,21-Mar-18,R1009,13,20,SP1815
20918,21-Mar-18,R1009,15,35,SP1815
20919,21-Mar-18,R1009,13,42,SP1815
20920,21-Mar-18,R1012,18,6,SP1841
20921,21-Mar-18,R1012,15,15,SP1841
20922,22-Mar-18,R1006,16,35,SP1815
20923,22-Mar-18,R1006,13,35,SP1815
20924,22-Mar-18,R1006,15,5,SP1815
20925,22-Mar-18,R1015,14,24,SP1815
20926,22-Mar-18,R1015,18,6,SP1815
20927,22-Mar-18,R1015,15,35,SP1815
20928,23-Mar-18,R1016,13,4,SP1229
20929,23-Mar-18,R1016,13,20,SP1229
20930,24-Mar-18,R1010,14,20,SP3740
20931,24-Mar-18,R1010,15,24,SP3740
20932,24-Mar-18,R1010,13,8,SP3740
20933,24-Mar-18,R1007,14,21,SP1841
20934,24-Mar-18,R1007,17,40,SP1841
20935,24-Mar-18,R1007,15,28,SP1841
20936,25-Mar-18,R1010,18,4,SP1815
20937,25-Mar-18,R1010,16,5,SP1815
20938,25-Mar-18,R1015,18,40,SP3156
20939,25-Mar-18,R1015,17,28,SP3156
20940,25-Mar-18,R1015,13,10,SP3156
20941,28-Mar-18,R1020,14,5,SP3156
20942,28-Mar-18,R1020,14,5,SP3156
20943,29-Mar-18,R1010,16,42,SP3992
20944,29-Mar-18,R1010,14,12,SP3992
20945,29-Mar-18,R1010,14,120,SP3992
20946,29-Mar-18,R1009,17,30,SP3463
20947,29-Mar-18,R1009,14,3,SP3463
20948,30-Mar-18,R1010,16,18,SP3156
20949,30-Mar-18,R1010,16,110,SP3156
20950,30-Mar-18,R1010,16,24,SP3156
20951,30-Mar-18,R1010,14,30,SP3156
20952,30-Mar-18,R1010,17,18,SP3992
20953,30-Mar-18,R1010,14,50,SP3992
20954,30-Mar-18,R1010,14,27,SP3992
20955,30-Mar-18,R1010,15,30,SP3992
20956,30-Mar-18,R1010,16,12,SP3992
20959,1-Apr-18,R1004,18,10,SP1841
20960,1-Apr-18,R1004,14,5,SP1841
20961,1-Apr-18,R1004,17,7,SP1841
20962,1-Apr-18,R1012,14,32,SP3156
20963,1-Apr-18,R1012,14,15,SP3156
20964,1-Apr-18,R1012,13,25,SP3156
20965,4-Apr-18,R1012,16,40,SP3156
20966,4-Apr-18,R1012,14,20,SP3156
20967,4-Apr-18,R1012,14,20,SP3156
20968,4-Apr-18,R1012,13,36,SP3156
20969,4-Apr-18,R1010,16,3,SP3740
20970,4-Apr-18,R1010,14,40,SP3740
20971,4-Apr-18,R1010,16,12,SP3740
20972,5-Apr-18,R1015,15,21,SP3740
20973,5-Apr-18,R1015,13,8,SP3740
20974,6-Apr-18,R1012,18,50,SP3992
20975,6-Apr-18,R1010,15,42,SP3740
20976,6-Apr-18,R1010,14,45,SP3740
20977,6-Apr-18,R1010,13,50,SP3740
20978,6-Apr-18,R1010,15,3,SP3740
20979,7-Apr-18,R1010,14,15,SP3463
20980,7-Apr-18,R1017,16,16,SP3740
20981,7-Apr-18,R1017,18,5,SP3740
20982,8-Apr-18,R1015,14,6,SP1841
20983,8-Apr-18,R1015,16,12,SP1841
20984,8-Apr-18,R1015,17,4,SP1841
20985,11-Apr-18,R1007,18,25,SP1841
20986,11-Apr-18,R1007,13,5,SP1841
20987,11-Apr-18,R1020,17,10,SP2092
20988,11-Apr-18,R1020,13,10,SP2092
20989,11-Apr-18,R1020,14,20,SP2092
20990,12-Apr-18,R1015,13,15,SP1841
20991,12-Apr-18,R1015,14,12,SP1841
20992,12-Apr-18,R1015,16,6,SP1841
20993,12-Apr-18,R1015,16,15,SP1841
20994,12-Apr-18,R1016,14,40,SP3740
20995,12-Apr-18,R1016,14,30,SP3740
20996,12-Apr-18,R1016,15,50,SP3740
21000,14-Apr-18,R1003,17,30,SP1571
21001,14-Apr-18,R1003,14,40,SP1571
21003,15-Apr-18,R1006,17,20,SP3156
21004,15-Apr-18,R1006,17,16,SP3156
21005,15-Apr-18,R1006,17,25,SP3156
21006,15-Apr-18,R1015,16,15,SP2092
21007,15-Apr-18,R1015,15,20,SP2092
21008,15-Apr-18,R1015,18,30,SP2092
21009,18-Apr-18,R1010,18,2,SP1815
21010,18-Apr-18,R1010,18,20,SP1815
21011,18-Apr-18,R1009,18,40,SP1229
21012,18-Apr-18,R1009,15,20,SP1229
21018,21-Apr-18,R1010,17,14,SP1841
21019,21-Apr-18,R1010,15,35,SP1841
21020,21-Apr-18,R1010,17,5,SP1841
21021,21-Apr-18,R1010,16,40,SP1841
21022,22-Apr-18,R1007,15,15,SP1841
21023,22-Apr-18,R1017,13,50,SP3463
21024,22-Apr-18,R1017,13,35,SP3463
21025,22-Apr-18,R1017,18,20,SP3463
21026,25-Apr-18,R1007,16,28,SP3156
21027,25-Apr-18,R1005,16,50,SP1815
21028,26-Apr-18,R1012,18,16,SP1229
21029,26-Apr-18,R1012,16,24,SP1229
21030,26-Apr-18,R1012,13,7,SP1229
21031,26-Apr-18,R1012,13,45,SP1229
21032,27-Apr-18,R1003,13,40,SP3156
21033,27-Apr-18,R1003,17,28,SP3156
21034,27-Apr-18,R1003,16,6,SP3156
21035,27-Apr-18,R1003,14,9,SP3156
21036,27-Apr-18,R1011,13,8,SP1815
21037,27-Apr-18,R1011,13,30,SP1815
21038,27-Apr-18,R1011,18,9,SP1815
21039,27-Apr-18,R1011,16,35,SP1815
21040,28-Apr-18,R1010,17,44,SP3463
21041,28-Apr-18,R1010,17,28,SP3463
21042,28-Apr-18,R1010,16,40,SP3463
21043,28-Apr-18,R1007,17,15,SP1841
21044,28-Apr-18,R1007,15,10,SP1841
21045,28-Apr-18,R1007,13,6,SP1841
21046,29-Apr-18,R1014,17,5,SP1229
21047,29-Apr-18,R1014,16,40,SP1229
21048,29-Apr-18,R1014,13,25,SP1229
21049,2-May-18,R1003,16,30,SP3463
21050,2-May-18,R1003,14,20,SP3463
21051,2-May-18,R1003,14,12,SP3463
21052,2-May-18,R1003,16,15,SP3463
21053,2-May-18,R1007,15,8,SP2092
21054,2-May-18,R1007,13,3,SP2092
21055,3-May-18,R1020,17,5,SP3463
21056,3-May-18,R1020,16,4,SP3463
21057,3-May-18,R1020,16,3,SP1815
21062,5-May-18,R1010,14,6,SP3740
21063,5-May-18,R1010,16,21,SP3740
21064,5-May-18,R1010,13,20,SP3740
21065,5-May-18,R1010,16,20,SP3740
21066,5-May-18,R1010,14,30,SP1815
21067,5-May-18,R1010,15,30,SP1815
21068,5-May-18,R1010,13,7,SP1815
21069,5-May-18,R1010,17,24,SP1815
21070,6-May-18,R1003,17,60,SP3463
21071,6-May-18,R1003,14,20,SP3463
21072,6-May-18,R1003,15,40,SP3463
21073,6-May-18,R1002,13,10,SP3463
21074,9-May-18,R1008,15,30,SP1841
21075,9-May-18,R1008,14,40,SP1841
21076,9-May-18,R1008,14,12,SP1841
21077,10-May-18,R1010,15,18,SP3992
21078,10-May-18,R1010,14,35,SP3992
21079,10-May-18,R1006,17,28,SP3463
21080,10-May-18,R1006,14,30,SP3463
21081,10-May-18,R1006,15,16,SP3463
21082,10-May-18,R1006,17,60,SP3463
21086,11-May-18,R1011,18,20,SP1815
21087,11-May-18,R1011,15,130,SP1815
21088,12-May-18,R1012,18,80,SP3463
21089,13-May-18,R1012,14,40,SP1841
21090,13-May-18,R1012,17,35,SP1841
21091,13-May-18,R1012,15,40,SP1841
21092,13-May-18,R1008,17,2,SP1841
21093,16-May-18,R1007,17,4,SP3463
21094,16-May-18,R1007,13,12,SP3463
21095,16-May-18,R1007,13,15,SP3463
21096,16-May-18,R1007,13,50,SP3463
21097,16-May-18,R1005,16,30,SP3463
21098,16-May-18,R1005,17,15,SP3463
21099,16-May-18,R1005,14,15,SP3463
21100,16-May-18,R1005,18,20,SP3463
21101,17-May-18,R1015,13,15,SP3740
21102,18-May-18,R1011,13,16,SP1229
21103,18-May-18,R1012,13,25,SP3463
21104,18-May-18,R1012,14,18,SP3463
21105,18-May-18,R1011,14,33,SP3156
21106,18-May-18,R1011,13,70,SP3156
21107,18-May-18,R1011,15,7,SP3156
21108,18-May-18,R1006,18,50,SP1841
21109,18-May-18,R1006,13,2,SP1841
21110,20-May-18,R1010,16,6,SP1571
21111,20-May-18,R1010,15,3,SP1571
21112,23-May-18,R1011,16,27,SP3156
21113,23-May-18,R1011,17,120,SP3156
21114,23-May-18,R1011,13,16,SP3156
21115,23-May-18,R1011,17,12,SP3156
21116,23-May-18,R1015,17,20,SP1571
21117,24-May-18,R1006,16,10,SP3463
21118,24-May-18,R1012,14,20,SP3463
21119,24-May-18,R1012,14,20,SP3463
21120,24-May-18,R1016,15,35,SP2092
21121,24-May-18,R1016,18,15,SP2092
21122,25-May-18,R1014,14,3,SP2092
21123,25-May-18,R1014,17,20,SP2092
21124,25-May-18,R1014,17,35,SP2092
21125,25-May-18,R1004,13,1,SP1229
21126,26-May-18,R1015,15,5,SP1841
21127,26-May-18,R1015,13,10,SP1841
21128,26-May-18,R1020,15,2,SP1841
21129,26-May-18,R1020,13,30,SP1841
21130,26-May-18,R1020,16,30,SP1841
21131,26-May-18,R1016,16,10,SP3156
21132,26-May-18,R1016,15,10,SP3156
21133,27-May-18,R1015,15,42,SP3740
21134,27-May-18,R1015,18,30,SP3740
21135,27-May-18,R1015,16,15,SP3740
21138,30-May-18,R1012,14,50,SP3156
21139,30-May-18,R1012,15,40,SP3156
21144,30-May-18,R1015,17,20,SP1815
21145,30-May-18,R1015,17,3,SP1815
21146,31-May-18,R1012,16,20,SP1815
21147,31-May-18,R1012,14,14,SP1815
21148,31-May-18,R1001,14,3,SP3156
21149,31-May-18,R1001,14,15,SP3156
21150,31-May-18,R1001,15,10,SP3156
21151,1-Jun-18,R1007,17,8,SP3463
21152,1-Jun-18,R1007,16,14,SP3463
21153,1-Jun-18,R1015,14,6,SP1815
21154,1-Jun-18,R1015,17,15,SP1815
21155,1-Jun-18,R1011,14,35,SP3740
21156,1-Jun-18,R1011,14,65,SP3740
21157,2-Jun-18,R1016,14,21,SP3463
21158,2-Jun-18,R1016,18,10,SP3463
21159,2-Jun-18,R1016,17,35,SP3463
21160,2-Jun-18,R1016,13,24,SP3463
21161,2-Jun-18,R1012,13,20,SP1571
21162,3-Jun-18,R1007,14,2,SP2092
21163,3-Jun-18,R1007,13,10,SP2092
21164,3-Jun-18,R1012,16,20,SP1229
21165,3-Jun-18,R1012,15,20,SP1229
21166,3-Jun-18,R1012,13,25,SP1229
21167,3-Jun-18,R1007,17,10,SP3156
21168,3-Jun-18,R1007,13,50,SP3156
21169,3-Jun-18,R1007,14,7,SP3156
21170,6-Jun-18,R1018,14,40,SP1841
21171,6-Jun-18,R1018,14,20,SP1841
21172,6-Jun-18,R1005,17,30,SP1841
21173,6-Jun-18,R1005,14,5,SP1841
21174,6-Jun-18,R1005,16,25,SP1841
21175,6-Jun-18,R1005,14,60,SP1841
21176,7-Jun-18,R1015,13,15,SP1841
21177,7-Jun-18,R1015,14,15,SP1841
21178,7-Jun-18,R1015,14,24,SP1841
21179,7-Jun-18,R1007,14,4,SP1815
21180,7-Jun-18,R1007,17,24,SP1815
21181,7-Jun-18,R1007,16,36,SP1815
21182,7-Jun-18,R1010,15,10,SP2092
21183,7-Jun-18,R1010,15,10,SP2092
21187,8-Jun-18,R1020,16,1,SP1841
21188,9-Jun-18,R1010,17,20,SP2092
21189,9-Jun-18,R1010,15,50,SP2092
21190,9-Jun-18,R1015,17,20,SP1571
21191,9-Jun-18,R1017,15,5,SP2092
21192,9-Jun-18,R1017,16,7,SP2092
21193,9-Jun-18,R1017,14,5,SP2092
21194,10-Jun-18,R1016,17,18,SP3740
21195,10-Jun-18,R1016,14,15,SP3740
21196,10-Jun-18,R1016,16,30,SP3740
21197,10-Jun-18,R1020,18,20,SP3992
21198,10-Jun-18,R1020,13,40,SP3992
21199,10-Jun-18,R1020,13,16,SP3992
21200,13-Jun-18,R1015,15,12,SP3156
21201,13-Jun-18,R1015,16,35,SP3156
21206,13-Jun-18,R1010,13,16,SP2092
21207,14-Jun-18,R1010,14,20,SP1841
21208,14-Jun-18,R1010,15,30,SP1841
21209,14-Jun-18,R1012,14,25,SP3463
21210,14-Jun-18,R1012,14,40,SP3463
21211,14-Jun-18,R1012,16,60,SP3463
21212,14-Jun-18,R1012,15,30,SP3463
21213,15-Jun-18,R1020,16,20,SP1571
21214,15-Jun-18,R1020,13,20,SP1571
21215,15-Jun-18,R1004,15,7,SP2092
21216,15-Jun-18,R1004,15,20,SP2092
21217,15-Jun-18,R1010,17,30,SP3463
21218,16-Jun-18,R1010,15,20,SP3156
21219,16-Jun-18,R1010,17,6,SP3156
21220,16-Jun-18,R1010,15,6,SP1815
21221,16-Jun-18,R1010,14,3,SP1815
21222,17-Jun-18,R1016,18,15,SP3992
21223,17-Jun-18,R1016,13,20,SP3992
21224,17-Jun-18,R1016,17,15,SP3992
21225,17-Jun-18,R1016,13,40,SP3992
21226,17-Jun-18,R1006,16,12,SP3740
21227,17-Jun-18,R1006,15,9,SP3740
21228,17-Jun-18,R1012,14,12,SP3156
21229,17-Jun-18,R1012,14,20,SP3156
21234,21-Jun-18,R1004,15,2,SP1229
21235,21-Jun-18,R1004,14,5,SP1229
21236,21-Jun-18,R1007,15,10,SP1229
21237,21-Jun-18,R1007,16,10,SP1229
21238,21-Jun-18,R1007,13,21,SP1229
21239,21-Jun-18,R1007,18,20,SP1229
21240,21-Jun-18,R1015,13,30,SP1841
21241,21-Jun-18,R1015,14,24,SP1841
21242,21-Jun-18,R1015,15,28,SP1841
21243,21-Jun-18,R1015,18,6,SP1841
21244,22-Jun-18,R1013,15,8,SP3463
21245,22-Jun-18,R1013,14,2,SP3463
21246,22-Jun-18,R1013,15,8,SP3463
21247,22-Jun-18,R1013,15,9,SP3463
21252,23-Jun-18,R1012,14,9,SP1815
21253,23-Jun-18,R1012,17,20,SP1815
21254,23-Jun-18,R1012,13,9,SP1815
21255,23-Jun-18,R1015,14,8,SP3156
21256,23-Jun-18,R1015,16,20,SP3156
21257,23-Jun-18,R1012,13,15,SP3156
21258,23-Jun-18,R1012,18,2,SP3156
21259,24-Jun-18,R1011,15,6,SP1571
21260,24-Jun-18,R1011,13,60,SP1571
21261,24-Jun-18,R1011,17,30,SP1571
21262,24-Jun-18,R1011,17,24,SP1571
21263,24-Jun-18,R1011,17,52,SP1571
21264,24-Jun-18,R1006,16,25,SP1229
21265,24-Jun-18,R1006,15,21,SP1229
21266,24-Jun-18,R1006,14,40,SP1229
21267,24-Jun-18,R1006,16,6,SP1229
21268,27-Jun-18,R1016,15,4,SP3463
21269,27-Jun-18,R1016,16,25,SP3463
21270,27-Jun-18,R1016,16,50,SP3463
21271,27-Jun-18,R1015,13,15,SP3463
21272,27-Jun-18,R1015,16,30,SP3463
21273,27-Jun-18,R1016,15,10,SP1841
21274,27-Jun-18,R1016,14,6,SP1841
21275,28-Jun-18,R1008,16,16,SP3992
21276,28-Jun-18,R1008,13,50,SP3992
21277,28-Jun-18,R1008,18,15,SP3992
21278,28-Jun-18,R1008,17,30,SP3992
21279,28-Jun-18,R1002,15,12,SP3156
21280,28-Jun-18,R1002,14,20,SP3156
21281,28-Jun-18,R1002,13,15,SP3156
21282,28-Jun-18,R1002,15,5,SP3156
21284,29-Jun-18,R1011,17,35,SP3740
21285,29-Jun-18,R1012,17,70,SP3740
21286,29-Jun-18,R1012,17,42,SP3740
21287,29-Jun-18,R1012,15,25,SP3740
21288,29-Jun-18,R1012,17,48,SP3740
21289,29-Jun-18,R1012,16,60,SP3740
21290,30-Jun-18,R1008,17,20,SP2092
21291,30-Jun-18,R1008,18,21,SP2092
21292,30-Jun-18,R1008,15,30,SP2092
21293,30-Jun-18,R1010,13,45,SP1841
21294,30-Jun-18,R1010,13,55,SP1841
21295,30-Jun-18,R1010,15,80,SP1841
21296,30-Jun-18,R1010,16,36,SP1841
21297,30-Jun-18,R1010,14,12,SP1841
21298,30-Jun-18,R1010,16,60,SP1841
21299,1-Jul-18,R1007,14,3,SP1571
21300,1-Jul-18,R1007,18,30,SP1571
21301,1-Jul-18,R1012,14,18,SP1229
21302,1-Jul-18,R1012,18,49,SP1229
21306,4-Jul-18,R1015,17,10,SP3992
21307,4-Jul-18,R1015,13,42,SP3992
21308,4-Jul-18,R1015,14,10,SP3992
21309,4-Jul-18,R1015,15,5,SP3992
21310,4-Jul-18,R1010,15,15,SP3740
21311,4-Jul-18,R1010,14,6,SP3740
21312,4-Jul-18,R1010,14,50,SP3740
21313,5-Jul-18,R1012,16,10,SP1229
21314,5-Jul-18,R1011,16,100,SP3463
21315,5-Jul-18,R1011,16,65,SP3463
21316,5-Jul-18,R1010,18,15,SP3463
21317,5-Jul-18,R1010,14,50,SP3463
21318,5-Jul-18,R1010,13,14,SP3463
21319,5-Jul-18,R1010,17,24,SP3463
21320,6-Jul-18,R1002,17,20,SP3463
21321,6-Jul-18,R1002,15,20,SP3463
21322,6-Jul-18,R1006,14,10,SP3740
21323,6-Jul-18,R1006,14,35,SP3740
21324,6-Jul-18,R1006,18,30,SP3740
21328,7-Jul-18,R1012,17,30,SP3156
21329,7-Jul-18,R1012,15,40,SP3156
21330,7-Jul-18,R1012,14,35,SP3156
21333,8-Jul-18,R1010,14,3,SP1841
21334,8-Jul-18,R1010,16,20,SP1841
21335,8-Jul-18,R1010,13,35,SP1841
21336,8-Jul-18,R1010,14,42,SP1841
21337,8-Jul-18,R1010,14,40,SP1841
21338,8-Jul-18,R1012,13,25,SP3740
21339,8-Jul-18,R1012,17,8,SP3740
21340,11-Jul-18,R1016,16,12,SP1841
21341,11-Jul-18,R1016,15,20,SP1841
21342,11-Jul-18,R1007,15,15,SP1841
21343,11-Jul-18,R1007,15,4,SP1841
21344,11-Jul-18,R1012,15,60,SP2092
21345,11-Jul-18,R1012,15,80,SP2092
21346,12-Jul-18,R1006,15,6,SP3992
21347,12-Jul-18,R1006,16,40,SP3992
21348,12-Jul-18,R1006,15,21,SP3992
21349,12-Jul-18,R1010,14,3,SP1815
21350,13-Jul-18,R1015,14,20,SP1571
21351,13-Jul-18,R1015,14,42,SP1571
21352,13-Jul-18,R1015,15,30,SP1571
21353,13-Jul-18,R1007,14,20,SP3992
21354,13-Jul-18,R1007,13,10,SP3992
21355,13-Jul-18,R1007,15,40,SP3992
21356,13-Jul-18,R1007,17,50,SP3992
21357,13-Jul-18,R1001,17,2,SP3992
21358,13-Jul-18,R1001,15,3,SP3992
21362,14-Jul-18,R1018,18,21,SP3992
21363,14-Jul-18,R1018,17,15,SP3992
21364,14-Jul-18,R1018,14,10,SP3992
21365,14-Jul-18,R1018,14,20,SP3992
21366,15-Jul-18,R1014,14,20,SP1841
21367,15-Jul-18,R1014,17,3,SP1841
21368,15-Jul-18,R1018,16,10,SP3992
21369,15-Jul-18,R1006,14,15,SP1841
21370,15-Jul-18,R1006,14,25,SP1841
21371,15-Jul-18,R1006,14,21,SP1841
21374,18-Jul-18,R1015,16,25,SP3156
21375,18-Jul-18,R1015,14,30,SP3156
21376,18-Jul-18,R1012,14,20,SP1841
21377,18-Jul-18,R1014,15,10,SP3463
21378,18-Jul-18,R1014,18,10,SP3463
21379,18-Jul-18,R1014,16,12,SP3463
21380,18-Jul-18,R1006,17,30,SP1571
21381,18-Jul-18,R1006,18,30,SP1571
21382,18-Jul-18,R1006,15,50,SP1571
21383,20-Jul-18,R1004,16,10,SP1841
21384,20-Jul-18,R1010,17,25,SP1841
21385,20-Jul-18,R1010,14,20,SP1841
21386,20-Jul-18,R1010,14,32,SP1841
21387,21-Jul-18,R1010,15,8,SP3740
21388,21-Jul-18,R1010,18,12,SP1841
21389,21-Jul-18,R1010,17,21,SP1841
21390,21-Jul-18,R1010,14,40,SP1841
21391,21-Jul-18,R1008,15,20,SP1815
21392,21-Jul-18,R1008,15,12,SP1815
21393,21-Jul-18,R1008,18,25,SP1815
21394,21-Jul-18,R1008,15,30,SP1815
21395,22-Jul-18,R1015,16,70,SP3156
21396,22-Jul-18,R1015,18,40,SP3156
21397,22-Jul-18,R1015,13,35,SP3156
21398,22-Jul-18,R1018,14,5,SP3740
21399,25-Jul-18,R1018,14,18,SP3156
21400,25-Jul-18,R1018,15,20,SP3156
21401,25-Jul-18,R1010,15,40,SP1229
21402,25-Jul-18,R1010,13,40,SP1229
21406,26-Jul-18,R1012,16,15,SP1571
21407,26-Jul-18,R1008,13,40,SP1841
21408,27-Jul-18,R1012,14,24,SP1229
21409,27-Jul-18,R1012,16,35,SP1229
21410,27-Jul-18,R1012,18,30,SP1229
21411,27-Jul-18,R1012,15,10,SP1229
21412,27-Jul-18,R1012,16,20,SP1229
21413,27-Jul-18,R1010,13,50,SP3156
21414,27-Jul-18,R1010,16,28,SP3156
21415,27-Jul-18,R1010,15,120,SP3156
21416,27-Jul-18,R1011,16,91,SP3463
21417,27-Jul-18,R1011,15,45,SP3463
21418,27-Jul-18,R1011,13,100,SP3463
21419,27-Jul-18,R1011,15,110,SP3463
21420,28-Jul-18,R1008,17,16,SP1571
21421,28-Jul-18,R1008,16,15,SP1571
21422,28-Jul-18,R1009,16,36,SP3463
21423,28-Jul-18,R1009,14,80,SP3463
21424,29-Jul-18,R1004,16,5,SP1841
21425,29-Jul-18,R1016,15,8,SP3992
21426,29-Jul-18,R1015,15,3,SP3156
21427,1-Aug-18,R1016,16,30,SP1841
21428,1-Aug-18,R1016,13,30,SP1841
21429,1-Aug-18,R1006,14,6,SP3156
21430,1-Aug-18,R1006,14,30,SP3156
21431,2-Aug-18,R1015,16,40,SP3463
21432,2-Aug-18,R1015,14,20,SP3463
21433,2-Aug-18,R1015,18,21,SP3463
21434,2-Aug-18,R1010,14,35,SP3463
21435,2-Aug-18,R1010,16,15,SP3463
21436,2-Aug-18,R1015,15,20,SP1229
21437,3-Aug-18,R1001,18,15,SP1841
21439,4-Aug-18,R1020,17,20,SP1841
21440,4-Aug-18,R1020,17,14,SP1841
21441,4-Aug-18,R1013,17,12,SP3156
21442,4-Aug-18,R1013,16,5,SP3156
21443,4-Aug-18,R1013,14,15,SP3156
21444,4-Aug-18,R1014,18,5,SP3156
21445,4-Aug-18,R1014,14,10,SP3156
21446,4-Aug-18,R1014,14,12,SP3156
21447,4-Aug-18,R1018,15,15,SP3463
21448,4-Aug-18,R1018,14,12,SP3463
21449,4-Aug-18,R1018,15,10,SP3463
21450,4-Aug-18,R1009,13,40,SP2092
21451,4-Aug-18,R1009,14,60,SP2092
21452,4-Aug-18,R1015,13,40,SP1841
21453,4-Aug-18,R1015,18,30,SP1841
21454,4-Aug-18,R1015,16,15,SP1841
21455,5-Aug-18,R1015,13,25,SP1815
21456,5-Aug-18,R1002,14,10,SP2092
21457,5-Aug-18,R1002,14,10,SP2092
21458,5-Aug-18,R1002,13,30,SP2092
21459,5-Aug-18,R1004,13,6,SP3156
21460,5-Aug-18,R1004,14,6,SP3156
21461,5-Aug-18,R1004,17,20,SP3156
21462,8-Aug-18,R1018,16,1,SP1841
21463,8-Aug-18,R1018,13,10,SP1841
21464,8-Aug-18,R1017,15,60,SP3463
21465,8-Aug-18,R1017,13,25,SP3463
21466,8-Aug-18,R1016,14,24,SP2092
21467,8-Aug-18,R1016,14,24,SP2092
21468,8-Aug-18,R1016,16,20,SP2092
21469,9-Aug-18,R1007,14,24,SP1841
21470,9-Aug-18,R1005,15,10,SP3156
21471,9-Aug-18,R1005,18,40,SP3156
21472,9-Aug-18,R1015,15,35,SP3992
21473,9-Aug-18,R1015,14,15,SP3992
21477,10-Aug-18,R1006,16,20,SP3463
21478,10-Aug-18,R1006,17,30,SP3463
21479,10-Aug-18,R1006,15,6,SP3463
21480,10-Aug-18,R1015,16,25,SP3463
21481,10-Aug-18,R1015,17,12,SP3463
21482,10-Aug-18,R1002,16,10,SP1841
21483,10-Aug-18,R1002,13,2,SP1841
21484,10-Aug-18,R1002,14,7,SP1841
21485,10-Aug-18,R1002,13,10,SP1841
21489,11-Aug-18,R1018,15,5,SP3156
21490,11-Aug-18,R1018,14,5,SP3156
21491,11-Aug-18,R1012,18,15,SP1815
21492,11-Aug-18,R1012,14,60,SP1815
21493,11-Aug-18,R1012,15,49,SP1815
21494,12-Aug-18,R1008,14,25,SP1841
21495,12-Aug-18,R1008,16,30,SP1841
21496,12-Aug-18,R1008,14,36,SP1841
21497,12-Aug-18,R1008,14,25,SP1841
21498,12-Aug-18,R1003,16,42,SP1841
21499,12-Aug-18,R1003,17,30,SP1841
21504,12-Aug-18,R1007,18,30,SP1815
21505,12-Aug-18,R1007,14,2,SP1815
21506,15-Aug-18,R1012,18,20,SP3463
21507,15-Aug-18,R1015,16,4,SP1841
21508,15-Aug-18,R1015,15,21,SP1841
21509,15-Aug-18,R1015,17,8,SP1841
21510,15-Aug-18,R1010,16,30,SP3463
21511,16-Aug-18,R1004,15,20,SP1571
21512,16-Aug-18,R1004,17,8,SP1571
21513,16-Aug-18,R1012,13,35,SP3463
21514,16-Aug-18,R1012,15,24,SP3463
21515,16-Aug-18,R1012,13,49,SP3463
21516,16-Aug-18,R1012,16,20,SP3463
21517,16-Aug-18,R1020,15,40,SP2092
21518,16-Aug-18,R1020,15,10,SP2092
21521,17-Aug-18,R1010,14,30,SP1571
21522,17-Aug-18,R1010,13,44,SP1571
21523,17-Aug-18,R1010,14,80,SP1571
21524,17-Aug-18,R1010,13,50,SP1571
21525,17-Aug-18,R1020,14,28,SP1229
21526,17-Aug-18,R1007,17,21,SP1841
21527,17-Aug-18,R1007,16,15,SP1841
21528,17-Aug-18,R1007,16,15,SP1841
21529,18-Aug-18,R1017,18,18,SP1815
21530,18-Aug-18,R1017,13,5,SP1815
21531,18-Aug-18,R1017,17,18,SP1815
21532,18-Aug-18,R1012,13,10,SP1841
21533,18-Aug-18,R1012,16,20,SP1841
21534,18-Aug-18,R1005,16,25,SP3156
21535,18-Aug-18,R1005,15,25,SP3156
21536,18-Aug-18,R1005,18,40,SP3156
21537,18-Aug-18,R1007,13,4,SP3463
21538,18-Aug-18,R1018,14,4,SP3463
21539,18-Aug-18,R1018,17,40,SP3463
21540,18-Aug-18,R1018,14,9,SP3463
21541,18-Aug-18,R1017,18,12,SP2092
21542,18-Aug-18,R1017,14,6,SP2092
21543,18-Aug-18,R1017,16,30,SP2092
21544,18-Aug-18,R1017,14,60,SP2092
21545,22-Aug-18,R1020,18,5,SP3156
21546,22-Aug-18,R1003,13,15,SP1229
21547,22-Aug-18,R1003,15,50,SP1229
21548,22-Aug-18,R1003,16,6,SP1229
21549,22-Aug-18,R1012,18,16,SP3156
21550,22-Aug-18,R1012,17,2,SP3156
21551,22-Aug-18,R1007,14,50,SP1229
21552,22-Aug-18,R1007,13,50,SP1229
21553,23-Aug-18,R1016,13,25,SP3992
21554,23-Aug-18,R1016,16,30,SP3992
21555,23-Aug-18,R1016,13,24,SP3992
21556,23-Aug-18,R1016,14,28,SP3992
21557,23-Aug-18,R1006,15,12,SP3740
21558,23-Aug-18,R1012,17,8,SP1815
21559,23-Aug-18,R1012,14,14,SP1815
21560,23-Aug-18,R1012,14,12,SP1815
21561,24-Aug-18,R1016,15,40,SP3740
21562,24-Aug-18,R1016,17,8,SP3740
21563,24-Aug-18,R1016,16,30,SP3740
21564,24-Aug-18,R1004,18,20,SP1571
21565,24-Aug-18,R1004,17,6,SP1571
21566,24-Aug-18,R1004,13,5,SP1571
21567,24-Aug-18,R1015,15,20,SP1815
21568,25-Aug-18,R1016,16,24,SP3463
21569,25-Aug-18,R1016,15,10,SP3463
21570,25-Aug-18,R1015,15,60,SP3740
21571,25-Aug-18,R1015,17,6,SP3740
21572,25-Aug-18,R1012,16,77,SP3740
21573,25-Aug-18,R1012,14,20,SP3740
21574,25-Aug-18,R1012,17,45,SP3740
21575,25-Aug-18,R1012,15,44,SP3740
21576,25-Aug-18,R1012,13,9,SP3740
21577,25-Aug-18,R1019,13,2,SP1229
21581,26-Aug-18,R1010,17,16,SP1815
21582,26-Aug-18,R1003,17,12,SP1841
21583,26-Aug-18,R1003,14,12,SP1841
21584,26-Aug-18,R1003,16,8,SP1841
21585,29-Aug-18,R1012,14,12,SP2092
21586,29-Aug-18,R1012,14,40,SP2092
21587,29-Aug-18,R1011,15,30,SP3156
21588,29-Aug-18,R1011,17,4,SP3156
21589,29-Aug-18,R1011,13,30,SP3156
21590,29-Aug-18,R1015,16,9,SP3156
21591,30-Aug-18,R1018,17,40,SP1229
21598,31-Aug-18,R1010,18,10,SP3463
21599,31-Aug-18,R1017,18,16,SP3156
21600,31-Aug-18,R1017,15,10,SP3156
21601,31-Aug-18,R1016,17,20,SP3156
21602,1-Sep-18,R1006,18,20,SP3740
21603,1-Sep-18,R1006,14,30,SP3740
21604,1-Sep-18,R1006,17,10,SP3740
21605,1-Sep-18,R1006,15,30,SP3740
21606,1-Sep-18,R1008,18,6,SP1229
21607,1-Sep-18,R1008,16,10,SP1229
21608,1-Sep-18,R1008,14,40,SP1229
21609,1-Sep-18,R1008,18,20,SP1229
21610,1-Sep-18,R1011,18,35,SP3740
21611,1-Sep-18,R1011,13,20,SP3740
21612,1-Sep-18,R1011,14,30,SP3740
21613,1-Sep-18,R1011,15,80,SP3740
21614,1-Sep-18,R1011,13,24,SP3740
21615,1-Sep-18,R1011,17,18,SP3740
21616,2-Sep-18,R1006,15,40,SP1841
21617,2-Sep-18,R1015,15,60,SP3156
21618,2-Sep-18,R1017,17,20,SP2092
21619,2-Sep-18,R1017,15,9,SP2092
21620,2-Sep-18,R1010,17,15,SP2092
21621,2-Sep-18,R1010,16,84,SP2092
21622,5-Sep-18,R1010,14,55,SP3156
21623,5-Sep-18,R1010,16,40,SP3156
21624,5-Sep-18,R1010,15,20,SP3156
21625,5-Sep-18,R1009,16,8,SP2092
21626,5-Sep-18,R1009,13,35,SP2092
21627,5-Sep-18,R1009,14,36,SP2092
21628,5-Sep-18,R1004,14,15,SP3740
21629,5-Sep-18,R1004,15,10,SP3740
21630,5-Sep-18,R1004,18,15,SP3740
21631,5-Sep-18,R1004,13,30,SP3740
21632,6-Sep-18,R1007,13,20,SP3740
21633,6-Sep-18,R1007,15,6,SP3740
21634,6-Sep-18,R1007,17,60,SP3740
21635,6-Sep-18,R1010,14,40,SP3463
21636,6-Sep-18,R1010,17,60,SP3463
21637,6-Sep-18,R1015,18,40,SP2092
21638,6-Sep-18,R1015,13,15,SP2092
21639,6-Sep-18,R1015,16,4,SP2092
21640,7-Sep-18,R1011,14,65,SP2092
21641,7-Sep-18,R1011,15,60,SP2092
21642,7-Sep-18,R1011,14,65,SP2092
21643,7-Sep-18,R1011,18,66,SP2092
21644,7-Sep-18,R1012,15,20,SP3156
21645,7-Sep-18,R1012,15,90,SP3156
21646,7-Sep-18,R1012,15,50,SP3156
21647,7-Sep-18,R1010,13,2,SP3156
21648,7-Sep-18,R1006,16,35,SP1571
21649,7-Sep-18,R1006,14,50,SP1571
21650,8-Sep-18,R1005,13,18,SP2092
21651,8-Sep-18,R1002,13,4,SP3156
21652,8-Sep-18,R1002,17,20,SP3156
21653,8-Sep-18,R1012,17,40,SP1841
21654,9-Sep-18,R1016,16,20,SP3740
21655,9-Sep-18,R1016,17,20,SP3740
21656,9-Sep-18,R1016,13,50,SP3740
21657,9-Sep-18,R1001,17,20,SP3740
21658,9-Sep-18,R1001,15,30,SP3740
21659,9-Sep-18,R1001,15,12,SP3740
21660,9-Sep-18,R1001,18,7,SP3740
21661,9-Sep-18,R1012,16,20,SP1815
21662,9-Sep-18,R1012,18,21,SP1815
21663,9-Sep-18,R1012,17,15,SP1815
21664,12-Sep-18,R1010,18,25,SP2092
21665,12-Sep-18,R1010,15,30,SP2092
21666,12-Sep-18,R1010,18,30,SP2092
21667,12-Sep-18,R1006,17,25,SP2092
21668,12-Sep-18,R1006,16,25,SP2092
21669,12-Sep-18,R1006,14,6,SP2092
21670,12-Sep-18,R1006,17,60,SP2092
21671,12-Sep-18,R1010,17,24,SP1841
21672,12-Sep-18,R1010,16,56,SP1841
21673,12-Sep-18,R1010,15,15,SP1841
21674,12-Sep-18,R1010,14,40,SP1841
21675,12-Sep-18,R1010,15,4,SP3463
21676,12-Sep-18,R1010,16,10,SP3463
21677,12-Sep-18,R1010,17,10,SP3463
21678,13-Sep-18,R1008,14,6,SP3463
21679,13-Sep-18,R1008,15,6,SP3463
21680,13-Sep-18,R1014,15,2,SP2092
21681,13-Sep-18,R1014,13,10,SP2092
21682,13-Sep-18,R1010,15,8,SP3463
21683,13-Sep-18,R1010,14,2,SP3463
21684,14-Sep-18,R1019,18,30,SP3740
21685,14-Sep-18,R1019,14,10,SP3740
21686,14-Sep-18,R1019,17,14,SP3740
21687,14-Sep-18,R1011,13,21,SP1571
21688,14-Sep-18,R1011,15,90,SP1571
21689,14-Sep-18,R1011,17,70,SP1571
21690,14-Sep-18,R1018,13,9,SP2092
21691,14-Sep-18,R1018,16,18,SP2092
21692,14-Sep-18,R1018,15,12,SP2092
21693,15-Sep-18,R1020,17,20,SP2092
21694,15-Sep-18,R1020,15,10,SP2092
21695,15-Sep-18,R1012,16,40,SP3463
21696,15-Sep-18,R1012,13,20,SP3463
21697,15-Sep-18,R1012,13,60,SP3156
21698,15-Sep-18,R1012,14,50,SP3156
21699,15-Sep-18,R1012,13,36,SP3156
21700,15-Sep-18,R1018,17,10,SP2092
21701,15-Sep-18,R1018,16,20,SP2092
21702,15-Sep-18,R1018,17,4,SP2092
21703,15-Sep-18,R1018,14,2,SP2092
21704,16-Sep-18,R1016,16,28,SP2092
21705,16-Sep-18,R1013,18,18,SP2092
21706,16-Sep-18,R1013,16,15,SP2092
21707,16-Sep-18,R1007,16,16,SP1229
21708,16-Sep-18,R1007,13,15,SP1229
21709,18-Sep-18,R1011,18,25,SP1229
21710,18-Sep-18,R1011,13,110,SP1229
21711,18-Sep-18,R1011,15,30,SP1229
21712,18-Sep-18,R1010,17,5,SP1841
21713,18-Sep-18,R1010,13,20,SP1841
21714,18-Sep-18,R1010,16,10,SP1841
21715,18-Sep-18,R1004,16,3,SP1815
21716,18-Sep-18,R1004,14,2,SP1815
21717,20-Sep-18,R1012,16,24,SP2092
21718,20-Sep-18,R1012,17,44,SP3463
21719,20-Sep-18,R1012,15,11,SP3463
21720,20-Sep-18,R1012,14,15,SP3463
21721,20-Sep-18,R1012,13,35,SP3463
21722,20-Sep-18,R1012,14,63,SP3463
21723,20-Sep-18,R1015,13,30,SP1229
21724,20-Sep-18,R1015,14,35,SP1229
21725,20-Sep-18,R1007,17,4,SP3156
21726,20-Sep-18,R1007,15,30,SP3156
21727,21-Sep-18,R1007,13,30,SP1841
21728,21-Sep-18,R1007,18,21,SP1841
21729,21-Sep-18,R1007,14,12,SP1841
21730,21-Sep-18,R1007,13,50,SP1841
21731,21-Sep-18,R1014,15,10,SP1815
21732,21-Sep-18,R1014,16,20,SP1815
21733,21-Sep-18,R1020,16,8,SP1841
21734,21-Sep-18,R1020,17,10,SP1841
21735,22-Sep-18,R1017,14,21,SP3156
21736,22-Sep-18,R1017,15,30,SP3156
21737,22-Sep-18,R1012,13,24,SP2092
21738,22-Sep-18,R1012,14,35,SP2092
21739,22-Sep-18,R1003,17,20,SP1841
21740,22-Sep-18,R1003,18,12,SP1841
21741,23-Sep-18,R1010,13,100,SP1571
21742,23-Sep-18,R1010,18,70,SP1571
21743,23-Sep-18,R1010,14,60,SP1571
21744,23-Sep-18,R1010,15,100,SP1571
21745,23-Sep-18,R1010,17,20,SP1815
21746,23-Sep-18,R1010,15,45,SP1815
21747,23-Sep-18,R1010,13,16,SP1815
21748,23-Sep-18,R1010,16,80,SP1815
21749,23-Sep-18,R1010,15,21,SP1815
21750,23-Sep-18,R1010,15,25,SP2092
21751,23-Sep-18,R1010,16,35,SP2092
21752,23-Sep-18,R1010,13,30,SP2092
21753,23-Sep-18,R1003,13,36,SP1571
21754,23-Sep-18,R1003,14,70,SP1571
21755,26-Sep-18,R1010,18,12,SP3740
21756,26-Sep-18,R1010,14,15,SP3740
21757,26-Sep-18,R1010,18,6,SP3740
21758,26-Sep-18,R1008,17,30,SP2092
21759,26-Sep-18,R1008,15,10,SP2092
21760,26-Sep-18,R1008,14,10,SP2092
21761,26-Sep-18,R1008,15,60,SP2092
21762,26-Sep-18,R1012,16,7,SP3740
21763,26-Sep-18,R1012,13,30,SP3740
21764,27-Sep-18,R1018,15,4,SP1571
21765,27-Sep-18,R1008,17,2,SP3156
21766,27-Sep-18,R1008,16,5,SP3156
21767,27-Sep-18,R1008,13,30,SP3156
21768,27-Sep-18,R1016,15,24,SP3156
21769,27-Sep-18,R1016,17,20,SP3156
21770,27-Sep-18,R1016,14,60,SP3156
21771,27-Sep-18,R1016,17,28,SP3156
21772,28-Sep-18,R1010,14,20,SP1841
21773,28-Sep-18,R1003,15,30,SP3463
21774,28-Sep-18,R1003,18,30,SP3463
21775,28-Sep-18,R1015,18,15,SP2092
21776,28-Sep-18,R1015,18,4,SP2092
21778,29-Sep-18,R1001,14,12,SP1841
21779,29-Sep-18,R1017,13,15,SP1815
21780,29-Sep-18,R1017,17,24,SP1815
21781,29-Sep-18,R1012,13,15,SP3740
21782,29-Sep-18,R1012,15,18,SP3740
21783,29-Sep-18,R1012,13,20,SP3740
21784,30-Sep-18,R1007,15,25,SP1571
21785,30-Sep-18,R1007,18,30,SP1571
21786,30-Sep-18,R1017,14,42,SP1571
21787,30-Sep-18,R1015,15,10,SP3463
21788,30-Sep-18,R1015,13,4,SP3463
21789,3-Oct-18,R1006,15,50,SP3740
21791,3-Oct-18,R1015,15,30,SP3463
21792,3-Oct-18,R1015,18,10,SP3463
21793,3-Oct-18,R1011,16,35,SP2092
21794,3-Oct-18,R1011,13,20,SP2092
21795,3-Oct-18,R1011,17,25,SP2092
21796,4-Oct-18,R1004,13,10,SP3740
21797,4-Oct-18,R1004,15,20,SP3740
21798,4-Oct-18,R1016,17,20,SP1571
21799,4-Oct-18,R1016,14,15,SP1571
21800,4-Oct-18,R1016,15,15,SP1571
21801,4-Oct-18,R1016,17,20,SP1571
21802,4-Oct-18,R1007,13,50,SP3740
21803,4-Oct-18,R1007,17,40,SP3740
21804,4-Oct-18,R1007,14,35,SP3740
21805,5-Oct-18,R1007,15,3,SP3463
21806,5-Oct-18,R1012,18,4,SP1229
21807,5-Oct-18,R1012,13,21,SP1229
21808,5-Oct-18,R1012,14,3,SP1229
21809,5-Oct-18,R1015,14,12,SP2092
21810,5-Oct-18,R1015,13,35,SP2092
21811,5-Oct-18,R1015,16,30,SP2092
21812,6-Oct-18,R1020,13,4,SP2092
21813,6-Oct-18,R1020,18,10,SP2092
21814,6-Oct-18,R1010,13,15,SP1841
21815,6-Oct-18,R1020,15,12,SP1841
21816,6-Oct-18,R1020,14,10,SP1841
21817,6-Oct-18,R1009,16,30,SP3463
21818,6-Oct-18,R1009,15,30,SP3463
21819,6-Oct-18,R1009,16,40,SP3463
21820,7-Oct-18,R1010,14,77,SP3156
21821,7-Oct-18,R1010,14,25,SP3156
21822,7-Oct-18,R1010,16,12,SP3156
21823,7-Oct-18,R1010,14,55,SP3156
21824,7-Oct-18,R1010,14,4,SP3156
21825,7-Oct-18,R1016,14,20,SP3740
21826,7-Oct-18,R1016,16,4,SP3740
21827,7-Oct-18,R1010,14,3,SP1571
21828,7-Oct-18,R1010,15,35,SP1571
21829,7-Oct-18,R1010,14,42,SP1571
21830,10-Oct-18,R1012,16,9,SP3156
21831,10-Oct-18,R1015,15,36,SP3740
21832,10-Oct-18,R1015,17,8,SP3740
21833,10-Oct-18,R1015,18,28,SP3740
21834,10-Oct-18,R1002,15,20,SP3156
21835,11-Oct-18,R1012,15,20,SP2092
21836,11-Oct-18,R1012,14,30,SP2092
21837,11-Oct-18,R1012,15,40,SP2092
21838,11-Oct-18,R1012,13,20,SP2092
21839,11-Oct-18,R1016,16,10,SP3156
21840,11-Oct-18,R1016,17,15,SP3156
21841,11-Oct-18,R1011,17,130,SP1841
21842,11-Oct-18,R1011,16,40,SP1841
21843,11-Oct-18,R1011,15,8,SP1841
21844,11-Oct-18,R1011,14,22,SP1841
21845,11-Oct-18,R1002,15,20,SP2092
21846,11-Oct-18,R1002,13,10,SP2092
21847,12-Oct-18,R1005,14,14,SP1571
21848,12-Oct-18,R1003,15,2,SP3740
21849,12-Oct-18,R1003,16,30,SP3740
21850,12-Oct-18,R1003,15,10,SP3740
21854,12-Oct-18,R1010,14,1,SP3156
21855,12-Oct-18,R1010,17,2,SP3156
21856,12-Oct-18,R1010,13,2,SP3156
21857,12-Oct-18,R1010,18,2,SP3156
21858,12-Oct-18,R1010,16,1,SP3156
21859,12-Oct-18,R1010,18,1,SP3156
21860,12-Oct-18,R1010,18,4,SP3156
21861,12-Oct-18,R1010,14,2,SP3156
21862,12-Oct-18,R1010,17,2,SP3156
21863,12-Oct-18,R1010,17,1,SP3156
21864,12-Oct-18,R1010,16,3,SP3156
21865,12-Oct-18,R1010,17,2,SP3156
21866,12-Oct-18,R1010,15,4,SP3156
21867,12-Oct-18,R1010,18,1,SP3156
21868,12-Oct-18,R1010,15,2,SP3156
21869,12-Oct-18,R1010,18,2,SP3156
21870,12-Oct-18,R1010,13,1,SP3156
21871,12-Oct-18,R1010,13,2,SP3156
21872,12-Oct-18,R1010,15,24,SP3156
21873,12-Oct-18,R1010,16,4,SP3156
21874,12-Oct-18,R1010,16,2,SP3156
21875,12-Oct-18,R1010,17,1,SP3156
21876,12-Oct-18,R1010,14,2,SP3156
21877,12-Oct-18,R1010,16,3,SP3156
21878,12-Oct-18,R1010,18,1,SP3156
